Area,Date,date,Claims
Georgia,03/07/2020,Mar 07,4401
Georgia,03/14/2020,Mar 14,5248
Georgia,03/21/2020,Mar 21,11707
Georgia,03/28/2020,Mar 28,130544
Georgia,04/04/2020,Apr 04,377105
Georgia,04/11/2020,Apr 11,294035
Georgia,04/18/2020,Apr 18,243320
Georgia,04/25/2020,Apr 25,262615
Georgia,05/02/2020,May 02,224794
Georgia,05/09/2020,May 09,240092
Georgia,05/16/2020,May 16,175327
Appling County,03/07/2020,Mar 07,5
Appling County,03/14/2020,Mar 14,6
Appling County,03/21/2020,Mar 21,5
Appling County,03/28/2020,Mar 28,143
Appling County,04/04/2020,Apr 04,322
Appling County,04/11/2020,Apr 11,300
Appling County,04/18/2020,Apr 18,274
Appling County,04/25/2020,Apr 25,318
Appling County,05/02/2020,May 02,279
Appling County,05/09/2020,May 09,229
Appling County,05/16/2020,May 16,191
Atkinson County,03/07/2020,Mar 07,25
Atkinson County,03/14/2020,Mar 14,20
Atkinson County,03/21/2020,Mar 21,16
Atkinson County,03/28/2020,Mar 28,285
Atkinson County,04/04/2020,Apr 04,964
Atkinson County,04/11/2020,Apr 11,857
Atkinson County,04/18/2020,Apr 18,829
Atkinson County,04/25/2020,Apr 25,755
Atkinson County,05/02/2020,May 02,694
Atkinson County,05/09/2020,May 09,635
Atkinson County,05/16/2020,May 16,466
Bacon County,03/07/2020,Mar 07,41
Bacon County,03/14/2020,Mar 14,5
Bacon County,03/21/2020,Mar 21,7
Bacon County,03/28/2020,Mar 28,64
Bacon County,04/04/2020,Apr 04,216
Bacon County,04/11/2020,Apr 11,144
Bacon County,04/18/2020,Apr 18,218
Bacon County,04/25/2020,Apr 25,187
Bacon County,05/02/2020,May 02,176
Bacon County,05/09/2020,May 09,166
Bacon County,05/16/2020,May 16,170
Baker County,03/07/2020,Mar 07,2
Baker County,03/14/2020,Mar 14,6
Baker County,03/21/2020,Mar 21,2
Baker County,03/28/2020,Mar 28,21
Baker County,04/04/2020,Apr 04,73
Baker County,04/11/2020,Apr 11,63
Baker County,04/18/2020,Apr 18,54
Baker County,04/25/2020,Apr 25,53
Baker County,05/02/2020,May 02,67
Baker County,05/09/2020,May 09,47
Baker County,05/16/2020,May 16,44
Baldwin County,03/07/2020,Mar 07,17
Baldwin County,03/14/2020,Mar 14,17
Baldwin County,03/21/2020,Mar 21,12
Baldwin County,03/28/2020,Mar 28,472
Baldwin County,04/04/2020,Apr 04,1094
Baldwin County,04/11/2020,Apr 11,925
Baldwin County,04/18/2020,Apr 18,754
Baldwin County,04/25/2020,Apr 25,827
Baldwin County,05/02/2020,May 02,911
Baldwin County,05/09/2020,May 09,664
Baldwin County,05/16/2020,May 16,572
Banks County,03/07/2020,Mar 07,8
Banks County,03/14/2020,Mar 14,40
Banks County,03/21/2020,Mar 21,17
Banks County,03/28/2020,Mar 28,146
Banks County,04/04/2020,Apr 04,497
Banks County,04/11/2020,Apr 11,486
Banks County,04/18/2020,Apr 18,590
Banks County,04/25/2020,Apr 25,498
Banks County,05/02/2020,May 02,401
Banks County,05/09/2020,May 09,476
Banks County,05/16/2020,May 16,341
Barrow County,03/07/2020,Mar 07,27
Barrow County,03/14/2020,Mar 14,41
Barrow County,03/21/2020,Mar 21,62
Barrow County,03/28/2020,Mar 28,940
Barrow County,04/04/2020,Apr 04,2787
Barrow County,04/11/2020,Apr 11,2709
Barrow County,04/18/2020,Apr 18,2245
Barrow County,04/25/2020,Apr 25,2110
Barrow County,05/02/2020,May 02,1572
Barrow County,05/09/2020,May 09,1780
Barrow County,05/16/2020,May 16,1390
Bartow County,03/07/2020,Mar 07,45
Bartow County,03/14/2020,Mar 14,67
Bartow County,03/21/2020,Mar 21,154
Bartow County,03/28/2020,Mar 28,1443
Bartow County,04/04/2020,Apr 04,4222
Bartow County,04/11/2020,Apr 11,3521
Bartow County,04/18/2020,Apr 18,3995
Bartow County,04/25/2020,Apr 25,3277
Bartow County,05/02/2020,May 02,2562
Bartow County,05/09/2020,May 09,2991
Bartow County,05/16/2020,May 16,1685
Ben Hill County,03/07/2020,Mar 07,10
Ben Hill County,03/14/2020,Mar 14,8
Ben Hill County,03/21/2020,Mar 21,44
Ben Hill County,03/28/2020,Mar 28,129
Ben Hill County,04/04/2020,Apr 04,435
Ben Hill County,04/11/2020,Apr 11,1008
Ben Hill County,04/18/2020,Apr 18,997
Ben Hill County,04/25/2020,Apr 25,1015
Ben Hill County,05/02/2020,May 02,489
Ben Hill County,05/09/2020,May 09,559
Ben Hill County,05/16/2020,May 16,410
Berrien County,03/07/2020,Mar 07,25
Berrien County,03/14/2020,Mar 14,13
Berrien County,03/21/2020,Mar 21,17
Berrien County,03/28/2020,Mar 28,102
Berrien County,04/04/2020,Apr 04,414
Berrien County,04/11/2020,Apr 11,761
Berrien County,04/18/2020,Apr 18,325
Berrien County,04/25/2020,Apr 25,332
Berrien County,05/02/2020,May 02,256
Berrien County,05/09/2020,May 09,358
Berrien County,05/16/2020,May 16,230
Bibb County,03/07/2020,Mar 07,62
Bibb County,03/14/2020,Mar 14,77
Bibb County,03/21/2020,Mar 21,134
Bibb County,03/28/2020,Mar 28,1797
Bibb County,04/04/2020,Apr 04,4711
Bibb County,04/11/2020,Apr 11,3910
Bibb County,04/18/2020,Apr 18,2859
Bibb County,04/25/2020,Apr 25,3487
Bibb County,05/02/2020,May 02,2730
Bibb County,05/09/2020,May 09,3166
Bibb County,05/16/2020,May 16,2371
Bleckley County,03/07/2020,Mar 07,5
Bleckley County,03/14/2020,Mar 14,16
Bleckley County,03/21/2020,Mar 21,12
Bleckley County,03/28/2020,Mar 28,47
Bleckley County,04/04/2020,Apr 04,232
Bleckley County,04/11/2020,Apr 11,165
Bleckley County,04/18/2020,Apr 18,130
Bleckley County,04/25/2020,Apr 25,127
Bleckley County,05/02/2020,May 02,111
Bleckley County,05/09/2020,May 09,127
Bleckley County,05/16/2020,May 16,113
Brantley County,03/07/2020,Mar 07,6
Brantley County,03/14/2020,Mar 14,8
Brantley County,03/21/2020,Mar 21,7
Brantley County,03/28/2020,Mar 28,82
Brantley County,04/04/2020,Apr 04,438
Brantley County,04/11/2020,Apr 11,339
Brantley County,04/18/2020,Apr 18,311
Brantley County,04/25/2020,Apr 25,315
Brantley County,05/02/2020,May 02,309
Brantley County,05/09/2020,May 09,291
Brantley County,05/16/2020,May 16,254
Brooks County,03/07/2020,Mar 07,5
Brooks County,03/14/2020,Mar 14,3
Brooks County,03/21/2020,Mar 21,9
Brooks County,03/28/2020,Mar 28,55
Brooks County,04/04/2020,Apr 04,246
Brooks County,04/11/2020,Apr 11,177
Brooks County,04/18/2020,Apr 18,203
Brooks County,04/25/2020,Apr 25,181
Brooks County,05/02/2020,May 02,227
Brooks County,05/09/2020,May 09,163
Brooks County,05/16/2020,May 16,186
Bryan County,03/07/2020,Mar 07,11
Bryan County,03/14/2020,Mar 14,28
Bryan County,03/21/2020,Mar 21,66
Bryan County,03/28/2020,Mar 28,351
Bryan County,04/04/2020,Apr 04,1644
Bryan County,04/11/2020,Apr 11,1271
Bryan County,04/18/2020,Apr 18,1116
Bryan County,04/25/2020,Apr 25,1001
Bryan County,05/02/2020,May 02,917
Bryan County,05/09/2020,May 09,821
Bryan County,05/16/2020,May 16,724
Bulloch County,03/07/2020,Mar 07,111
Bulloch County,03/14/2020,Mar 14,42
Bulloch County,03/21/2020,Mar 21,86
Bulloch County,03/28/2020,Mar 28,736
Bulloch County,04/04/2020,Apr 04,2633
Bulloch County,04/11/2020,Apr 11,2078
Bulloch County,04/18/2020,Apr 18,1675
Bulloch County,04/25/2020,Apr 25,1687
Bulloch County,05/02/2020,May 02,1759
Bulloch County,05/09/2020,May 09,1721
Bulloch County,05/16/2020,May 16,1472
Burke County,03/07/2020,Mar 07,26
Burke County,03/14/2020,Mar 14,14
Burke County,03/21/2020,Mar 21,10
Burke County,03/28/2020,Mar 28,85
Burke County,04/04/2020,Apr 04,438
Burke County,04/11/2020,Apr 11,419
Burke County,04/18/2020,Apr 18,376
Burke County,04/25/2020,Apr 25,353
Burke County,05/02/2020,May 02,339
Burke County,05/09/2020,May 09,264
Burke County,05/16/2020,May 16,219
Butts County,03/07/2020,Mar 07,11
Butts County,03/14/2020,Mar 14,14
Butts County,03/21/2020,Mar 21,19
Butts County,03/28/2020,Mar 28,225
Butts County,04/04/2020,Apr 04,749
Butts County,04/11/2020,Apr 11,647
Butts County,04/18/2020,Apr 18,543
Butts County,04/25/2020,Apr 25,572
Butts County,05/02/2020,May 02,760
Butts County,05/09/2020,May 09,671
Butts County,05/16/2020,May 16,437
Calhoun County,03/07/2020,Mar 07,8
Calhoun County,03/14/2020,Mar 14,10
Calhoun County,03/21/2020,Mar 21,14
Calhoun County,03/28/2020,Mar 28,74
Calhoun County,04/04/2020,Apr 04,212
Calhoun County,04/11/2020,Apr 11,222
Calhoun County,04/18/2020,Apr 18,187
Calhoun County,04/25/2020,Apr 25,221
Calhoun County,05/02/2020,May 02,202
Calhoun County,05/09/2020,May 09,171
Calhoun County,05/16/2020,May 16,209
Camden County,03/07/2020,Mar 07,10
Camden County,03/14/2020,Mar 14,10
Camden County,03/21/2020,Mar 21,21
Camden County,03/28/2020,Mar 28,384
Camden County,04/04/2020,Apr 04,1264
Camden County,04/11/2020,Apr 11,774
Camden County,04/18/2020,Apr 18,772
Camden County,04/25/2020,Apr 25,778
Camden County,05/02/2020,May 02,777
Camden County,05/09/2020,May 09,805
Camden County,05/16/2020,May 16,526
Candler County,03/07/2020,Mar 07,12
Candler County,03/14/2020,Mar 14,5
Candler County,03/21/2020,Mar 21,19
Candler County,03/28/2020,Mar 28,94
Candler County,04/04/2020,Apr 04,236
Candler County,04/11/2020,Apr 11,198
Candler County,04/18/2020,Apr 18,143
Candler County,04/25/2020,Apr 25,205
Candler County,05/02/2020,May 02,140
Candler County,05/09/2020,May 09,164
Candler County,05/16/2020,May 16,147
Carroll County,03/07/2020,Mar 07,48
Carroll County,03/14/2020,Mar 14,74
Carroll County,03/21/2020,Mar 21,78
Carroll County,03/28/2020,Mar 28,1366
Carroll County,04/04/2020,Apr 04,4384
Carroll County,04/11/2020,Apr 11,2974
Carroll County,04/18/2020,Apr 18,2658
Carroll County,04/25/2020,Apr 25,2552
Carroll County,05/02/2020,May 02,2774
Carroll County,05/09/2020,May 09,2187
Carroll County,05/16/2020,May 16,1695
Catoosa County,03/07/2020,Mar 07,14
Catoosa County,03/14/2020,Mar 14,13
Catoosa County,03/21/2020,Mar 21,14
Catoosa County,03/28/2020,Mar 28,326
Catoosa County,04/04/2020,Apr 04,1116
Catoosa County,04/11/2020,Apr 11,889
Catoosa County,04/18/2020,Apr 18,875
Catoosa County,04/25/2020,Apr 25,893
Catoosa County,05/02/2020,May 02,723
Catoosa County,05/09/2020,May 09,709
Catoosa County,05/16/2020,May 16,505
Charlton County,03/07/2020,Mar 07,1
Charlton County,03/14/2020,Mar 14,1
Charlton County,03/21/2020,Mar 21,3
Charlton County,03/28/2020,Mar 28,49
Charlton County,04/04/2020,Apr 04,118
Charlton County,04/11/2020,Apr 11,111
Charlton County,04/18/2020,Apr 18,155
Charlton County,04/25/2020,Apr 25,128
Charlton County,05/02/2020,May 02,175
Charlton County,05/09/2020,May 09,142
Charlton County,05/16/2020,May 16,123
Chatham County,03/07/2020,Mar 07,110
Chatham County,03/14/2020,Mar 14,100
Chatham County,03/21/2020,Mar 21,369
Chatham County,03/28/2020,Mar 28,6022
Chatham County,04/04/2020,Apr 04,15293
Chatham County,04/11/2020,Apr 11,10172
Chatham County,04/18/2020,Apr 18,8794
Chatham County,04/25/2020,Apr 25,8893
Chatham County,05/02/2020,May 02,8549
Chatham County,05/09/2020,May 09,7845
Chatham County,05/16/2020,May 16,6241
Chattahoochee County,03/07/2020,Mar 07,3
Chattahoochee County,03/14/2020,Mar 14,6
Chattahoochee County,03/21/2020,Mar 21,2
Chattahoochee County,03/28/2020,Mar 28,25
Chattahoochee County,04/04/2020,Apr 04,149
Chattahoochee County,04/11/2020,Apr 11,135
Chattahoochee County,04/18/2020,Apr 18,108
Chattahoochee County,04/25/2020,Apr 25,127
Chattahoochee County,05/02/2020,May 02,109
Chattahoochee County,05/09/2020,May 09,122
Chattahoochee County,05/16/2020,May 16,98
Chattooga County,03/07/2020,Mar 07,18
Chattooga County,03/14/2020,Mar 14,10
Chattooga County,03/21/2020,Mar 21,16
Chattooga County,03/28/2020,Mar 28,98
Chattooga County,04/04/2020,Apr 04,799
Chattooga County,04/11/2020,Apr 11,1700
Chattooga County,04/18/2020,Apr 18,676
Chattooga County,04/25/2020,Apr 25,544
Chattooga County,05/02/2020,May 02,370
Chattooga County,05/09/2020,May 09,751
Chattooga County,05/16/2020,May 16,433
Cherokee County,03/07/2020,Mar 07,56
Cherokee County,03/14/2020,Mar 14,65
Cherokee County,03/21/2020,Mar 21,236
Cherokee County,03/28/2020,Mar 28,4061
Cherokee County,04/04/2020,Apr 04,9857
Cherokee County,04/11/2020,Apr 11,6951
Cherokee County,04/18/2020,Apr 18,5785
Cherokee County,04/25/2020,Apr 25,5811
Cherokee County,05/02/2020,May 02,4797
Cherokee County,05/09/2020,May 09,5455
Cherokee County,05/16/2020,May 16,3611
Clarke County,03/07/2020,Mar 07,28
Clarke County,03/14/2020,Mar 14,53
Clarke County,03/21/2020,Mar 21,286
Clarke County,03/28/2020,Mar 28,2498
Clarke County,04/04/2020,Apr 04,4074
Clarke County,04/11/2020,Apr 11,3509
Clarke County,04/18/2020,Apr 18,3013
Clarke County,04/25/2020,Apr 25,3137
Clarke County,05/02/2020,May 02,2337
Clarke County,05/09/2020,May 09,2942
Clarke County,05/16/2020,May 16,2131
Clay County,03/07/2020,Mar 07,0
Clay County,03/14/2020,Mar 14,3
Clay County,03/21/2020,Mar 21,5
Clay County,03/28/2020,Mar 28,43
Clay County,04/04/2020,Apr 04,137
Clay County,04/11/2020,Apr 11,124
Clay County,04/18/2020,Apr 18,93
Clay County,04/25/2020,Apr 25,94
Clay County,05/02/2020,May 02,94
Clay County,05/09/2020,May 09,80
Clay County,05/16/2020,May 16,67
Clayton County,03/07/2020,Mar 07,144
Clayton County,03/14/2020,Mar 14,181
Clayton County,03/21/2020,Mar 21,523
Clayton County,03/28/2020,Mar 28,3913
Clayton County,04/04/2020,Apr 04,14597
Clayton County,04/11/2020,Apr 11,10185
Clayton County,04/18/2020,Apr 18,7210
Clayton County,04/25/2020,Apr 25,9048
Clayton County,05/02/2020,May 02,8900
Clayton County,05/09/2020,May 09,8329
Clayton County,05/16/2020,May 16,6509
Clinch County,03/07/2020,Mar 07,5
Clinch County,03/14/2020,Mar 14,7
Clinch County,03/21/2020,Mar 21,6
Clinch County,03/28/2020,Mar 28,83
Clinch County,04/04/2020,Apr 04,342
Clinch County,04/11/2020,Apr 11,419
Clinch County,04/18/2020,Apr 18,599
Clinch County,04/25/2020,Apr 25,521
Clinch County,05/02/2020,May 02,416
Clinch County,05/09/2020,May 09,363
Clinch County,05/16/2020,May 16,315
Cobb County,03/07/2020,Mar 07,261
Cobb County,03/14/2020,Mar 14,286
Cobb County,03/21/2020,Mar 21,982
Cobb County,03/28/2020,Mar 28,11745
Cobb County,04/04/2020,Apr 04,30774
Cobb County,04/11/2020,Apr 11,21303
Cobb County,04/18/2020,Apr 18,17992
Cobb County,04/25/2020,Apr 25,18968
Cobb County,05/02/2020,May 02,15856
Cobb County,05/09/2020,May 09,17725
Cobb County,05/16/2020,May 16,13171
Coffee County,03/07/2020,Mar 07,50
Coffee County,03/14/2020,Mar 14,53
Coffee County,03/21/2020,Mar 21,25
Coffee County,03/28/2020,Mar 28,183
Coffee County,04/04/2020,Apr 04,753
Coffee County,04/11/2020,Apr 11,588
Coffee County,04/18/2020,Apr 18,792
Coffee County,04/25/2020,Apr 25,899
Coffee County,05/02/2020,May 02,605
Coffee County,05/09/2020,May 09,587
Coffee County,05/16/2020,May 16,395
Colquitt County,03/07/2020,Mar 07,35
Colquitt County,03/14/2020,Mar 14,21
Colquitt County,03/21/2020,Mar 21,22
Colquitt County,03/28/2020,Mar 28,224
Colquitt County,04/04/2020,Apr 04,959
Colquitt County,04/11/2020,Apr 11,786
Colquitt County,04/18/2020,Apr 18,686
Colquitt County,04/25/2020,Apr 25,698
Colquitt County,05/02/2020,May 02,706
Colquitt County,05/09/2020,May 09,617
Colquitt County,05/16/2020,May 16,519
Columbia County,03/07/2020,Mar 07,51
Columbia County,03/14/2020,Mar 14,33
Columbia County,03/21/2020,Mar 21,59
Columbia County,03/28/2020,Mar 28,1190
Columbia County,04/04/2020,Apr 04,3882
Columbia County,04/11/2020,Apr 11,2974
Columbia County,04/18/2020,Apr 18,2371
Columbia County,04/25/2020,Apr 25,2459
Columbia County,05/02/2020,May 02,1964
Columbia County,05/09/2020,May 09,2094
Columbia County,05/16/2020,May 16,1416
Cook County,03/07/2020,Mar 07,5
Cook County,03/14/2020,Mar 14,5
Cook County,03/21/2020,Mar 21,6
Cook County,03/28/2020,Mar 28,155
Cook County,04/04/2020,Apr 04,349
Cook County,04/11/2020,Apr 11,383
Cook County,04/18/2020,Apr 18,273
Cook County,04/25/2020,Apr 25,280
Cook County,05/02/2020,May 02,311
Cook County,05/09/2020,May 09,265
Cook County,05/16/2020,May 16,227
Coweta County,03/07/2020,Mar 07,50
Coweta County,03/14/2020,Mar 14,55
Coweta County,03/21/2020,Mar 21,251
Coweta County,03/28/2020,Mar 28,1880
Coweta County,04/04/2020,Apr 04,5209
Coweta County,04/11/2020,Apr 11,4439
Coweta County,04/18/2020,Apr 18,3758
Coweta County,04/25/2020,Apr 25,3457
Coweta County,05/02/2020,May 02,3782
Coweta County,05/09/2020,May 09,3540
Coweta County,05/16/2020,May 16,2792
Crawford County,03/07/2020,Mar 07,6
Crawford County,03/14/2020,Mar 14,1
Crawford County,03/21/2020,Mar 21,11
Crawford County,03/28/2020,Mar 28,85
Crawford County,04/04/2020,Apr 04,260
Crawford County,04/11/2020,Apr 11,258
Crawford County,04/18/2020,Apr 18,163
Crawford County,04/25/2020,Apr 25,164
Crawford County,05/02/2020,May 02,169
Crawford County,05/09/2020,May 09,163
Crawford County,05/16/2020,May 16,173
Crisp County,03/07/2020,Mar 07,24
Crisp County,03/14/2020,Mar 14,26
Crisp County,03/21/2020,Mar 21,15
Crisp County,03/28/2020,Mar 28,251
Crisp County,04/04/2020,Apr 04,795
Crisp County,04/11/2020,Apr 11,662
Crisp County,04/18/2020,Apr 18,578
Crisp County,04/25/2020,Apr 25,615
Crisp County,05/02/2020,May 02,533
Crisp County,05/09/2020,May 09,582
Crisp County,05/16/2020,May 16,450
Dade County,03/07/2020,Mar 07,2
Dade County,03/14/2020,Mar 14,0
Dade County,03/21/2020,Mar 21,6
Dade County,03/28/2020,Mar 28,68
Dade County,04/04/2020,Apr 04,254
Dade County,04/11/2020,Apr 11,253
Dade County,04/18/2020,Apr 18,176
Dade County,04/25/2020,Apr 25,201
Dade County,05/02/2020,May 02,170
Dade County,05/09/2020,May 09,155
Dade County,05/16/2020,May 16,189
Dawson County,03/07/2020,Mar 07,8
Dawson County,03/14/2020,Mar 14,13
Dawson County,03/21/2020,Mar 21,15
Dawson County,03/28/2020,Mar 28,426
Dawson County,04/04/2020,Apr 04,978
Dawson County,04/11/2020,Apr 11,716
Dawson County,04/18/2020,Apr 18,741
Dawson County,04/25/2020,Apr 25,755
Dawson County,05/02/2020,May 02,596
Dawson County,05/09/2020,May 09,601
Dawson County,05/16/2020,May 16,442
Decatur County,03/07/2020,Mar 07,7
Decatur County,03/14/2020,Mar 14,11
Decatur County,03/21/2020,Mar 21,25
Decatur County,03/28/2020,Mar 28,121
Decatur County,04/04/2020,Apr 04,630
Decatur County,04/11/2020,Apr 11,371
Decatur County,04/18/2020,Apr 18,472
Decatur County,04/25/2020,Apr 25,428
Decatur County,05/02/2020,May 02,356
Decatur County,05/09/2020,May 09,338
Decatur County,05/16/2020,May 16,304
DeKalb County,03/07/2020,Mar 07,374
DeKalb County,03/14/2020,Mar 14,380
DeKalb County,03/21/2020,Mar 21,1394
DeKalb County,03/28/2020,Mar 28,12259
DeKalb County,04/04/2020,Apr 04,32197
DeKalb County,04/11/2020,Apr 11,22705
DeKalb County,04/18/2020,Apr 18,16652
DeKalb County,04/25/2020,Apr 25,20460
DeKalb County,05/02/2020,May 02,17598
DeKalb County,05/09/2020,May 09,19981
DeKalb County,05/16/2020,May 16,14572
Dodge County,03/07/2020,Mar 07,7
Dodge County,03/14/2020,Mar 14,15
Dodge County,03/21/2020,Mar 21,5
Dodge County,03/28/2020,Mar 28,72
Dodge County,04/04/2020,Apr 04,233
Dodge County,04/11/2020,Apr 11,226
Dodge County,04/18/2020,Apr 18,197
Dodge County,04/25/2020,Apr 25,180
Dodge County,05/02/2020,May 02,240
Dodge County,05/09/2020,May 09,272
Dodge County,05/16/2020,May 16,236
Dooly County,03/07/2020,Mar 07,6
Dooly County,03/14/2020,Mar 14,4
Dooly County,03/21/2020,Mar 21,2
Dooly County,03/28/2020,Mar 28,55
Dooly County,04/04/2020,Apr 04,155
Dooly County,04/11/2020,Apr 11,186
Dooly County,04/18/2020,Apr 18,119
Dooly County,04/25/2020,Apr 25,128
Dooly County,05/02/2020,May 02,123
Dooly County,05/09/2020,May 09,132
Dooly County,05/16/2020,May 16,102
Dougherty County,03/07/2020,Mar 07,48
Dougherty County,03/14/2020,Mar 14,111
Dougherty County,03/21/2020,Mar 21,67
Dougherty County,03/28/2020,Mar 28,1066
Dougherty County,04/04/2020,Apr 04,2831
Dougherty County,04/11/2020,Apr 11,1973
Dougherty County,04/18/2020,Apr 18,1723
Dougherty County,04/25/2020,Apr 25,2208
Dougherty County,05/02/2020,May 02,1600
Dougherty County,05/09/2020,May 09,1667
Dougherty County,05/16/2020,May 16,1427
Douglas County,03/07/2020,Mar 07,66
Douglas County,03/14/2020,Mar 14,59
Douglas County,03/21/2020,Mar 21,140
Douglas County,03/28/2020,Mar 28,2053
Douglas County,04/04/2020,Apr 04,6234
Douglas County,04/11/2020,Apr 11,4372
Douglas County,04/18/2020,Apr 18,3589
Douglas County,04/25/2020,Apr 25,3927
Douglas County,05/02/2020,May 02,3643
Douglas County,05/09/2020,May 09,4350
Douglas County,05/16/2020,May 16,2891
Early County,03/07/2020,Mar 07,1
Early County,03/14/2020,Mar 14,1
Early County,03/21/2020,Mar 21,3
Early County,03/28/2020,Mar 28,35
Early County,04/04/2020,Apr 04,109
Early County,04/11/2020,Apr 11,128
Early County,04/18/2020,Apr 18,85
Early County,04/25/2020,Apr 25,113
Early County,05/02/2020,May 02,113
Early County,05/09/2020,May 09,123
Early County,05/16/2020,May 16,105
Echols County,03/07/2020,Mar 07,0
Echols County,03/14/2020,Mar 14,0
Echols County,03/21/2020,Mar 21,1
Echols County,03/28/2020,Mar 28,15
Echols County,04/04/2020,Apr 04,67
Echols County,04/11/2020,Apr 11,73
Echols County,04/18/2020,Apr 18,54
Echols County,04/25/2020,Apr 25,69
Echols County,05/02/2020,May 02,53
Echols County,05/09/2020,May 09,54
Echols County,05/16/2020,May 16,44
Effingham County,03/07/2020,Mar 07,12
Effingham County,03/14/2020,Mar 14,18
Effingham County,03/21/2020,Mar 21,73
Effingham County,03/28/2020,Mar 28,448
Effingham County,04/04/2020,Apr 04,1880
Effingham County,04/11/2020,Apr 11,1571
Effingham County,04/18/2020,Apr 18,1412
Effingham County,04/25/2020,Apr 25,1176
Effingham County,05/02/2020,May 02,1069
Effingham County,05/09/2020,May 09,1112
Effingham County,05/16/2020,May 16,932
Elbert County,03/07/2020,Mar 07,7
Elbert County,03/14/2020,Mar 14,13
Elbert County,03/21/2020,Mar 21,11
Elbert County,03/28/2020,Mar 28,80
Elbert County,04/04/2020,Apr 04,350
Elbert County,04/11/2020,Apr 11,557
Elbert County,04/18/2020,Apr 18,402
Elbert County,04/25/2020,Apr 25,352
Elbert County,05/02/2020,May 02,291
Elbert County,05/09/2020,May 09,320
Elbert County,05/16/2020,May 16,248
Emanuel County,03/07/2020,Mar 07,18
Emanuel County,03/14/2020,Mar 14,24
Emanuel County,03/21/2020,Mar 21,27
Emanuel County,03/28/2020,Mar 28,69
Emanuel County,04/04/2020,Apr 04,308
Emanuel County,04/11/2020,Apr 11,382
Emanuel County,04/18/2020,Apr 18,234
Emanuel County,04/25/2020,Apr 25,281
Emanuel County,05/02/2020,May 02,216
Emanuel County,05/09/2020,May 09,250
Emanuel County,05/16/2020,May 16,235
Evans County,03/07/2020,Mar 07,11
Evans County,03/14/2020,Mar 14,6
Evans County,03/21/2020,Mar 21,5
Evans County,03/28/2020,Mar 28,45
Evans County,04/04/2020,Apr 04,171
Evans County,04/11/2020,Apr 11,183
Evans County,04/18/2020,Apr 18,127
Evans County,04/25/2020,Apr 25,177
Evans County,05/02/2020,May 02,127
Evans County,05/09/2020,May 09,151
Evans County,05/16/2020,May 16,150
Fannin County,03/07/2020,Mar 07,23
Fannin County,03/14/2020,Mar 14,18
Fannin County,03/21/2020,Mar 21,47
Fannin County,03/28/2020,Mar 28,320
Fannin County,04/04/2020,Apr 04,860
Fannin County,04/11/2020,Apr 11,620
Fannin County,04/18/2020,Apr 18,450
Fannin County,04/25/2020,Apr 25,480
Fannin County,05/02/2020,May 02,430
Fannin County,05/09/2020,May 09,524
Fannin County,05/16/2020,May 16,315
Fayette County,03/07/2020,Mar 07,28
Fayette County,03/14/2020,Mar 14,51
Fayette County,03/21/2020,Mar 21,146
Fayette County,03/28/2020,Mar 28,1537
Fayette County,04/04/2020,Apr 04,4706
Fayette County,04/11/2020,Apr 11,3963
Fayette County,04/18/2020,Apr 18,3078
Fayette County,04/25/2020,Apr 25,3239
Fayette County,05/02/2020,May 02,3412
Fayette County,05/09/2020,May 09,3597
Fayette County,05/16/2020,May 16,2505
Floyd County,03/07/2020,Mar 07,62
Floyd County,03/14/2020,Mar 14,45
Floyd County,03/21/2020,Mar 21,100
Floyd County,03/28/2020,Mar 28,1044
Floyd County,04/04/2020,Apr 04,3865
Floyd County,04/11/2020,Apr 11,3142
Floyd County,04/18/2020,Apr 18,2898
Floyd County,04/25/2020,Apr 25,2218
Floyd County,05/02/2020,May 02,1906
Floyd County,05/09/2020,May 09,2138
Floyd County,05/16/2020,May 16,1409
Forsyth County,03/07/2020,Mar 07,52
Forsyth County,03/14/2020,Mar 14,51
Forsyth County,03/21/2020,Mar 21,191
Forsyth County,03/28/2020,Mar 28,2349
Forsyth County,04/04/2020,Apr 04,6767
Forsyth County,04/11/2020,Apr 11,4836
Forsyth County,04/18/2020,Apr 18,4100
Forsyth County,04/25/2020,Apr 25,5753
Forsyth County,05/02/2020,May 02,4687
Forsyth County,05/09/2020,May 09,4369
Forsyth County,05/16/2020,May 16,3850
Franklin County,03/07/2020,Mar 07,9
Franklin County,03/14/2020,Mar 14,13
Franklin County,03/21/2020,Mar 21,16
Franklin County,03/28/2020,Mar 28,136
Franklin County,04/04/2020,Apr 04,711
Franklin County,04/11/2020,Apr 11,663
Franklin County,04/18/2020,Apr 18,665
Franklin County,04/25/2020,Apr 25,536
Franklin County,05/02/2020,May 02,551
Franklin County,05/09/2020,May 09,588
Franklin County,05/16/2020,May 16,464
Fulton County,03/07/2020,Mar 07,420
Fulton County,03/14/2020,Mar 14,498
Fulton County,03/21/2020,Mar 21,2201
Fulton County,03/28/2020,Mar 28,20249
Fulton County,04/04/2020,Apr 04,48589
Fulton County,04/11/2020,Apr 11,39616
Fulton County,04/18/2020,Apr 18,28670
Fulton County,04/25/2020,Apr 25,36662
Fulton County,05/02/2020,May 02,30351
Fulton County,05/09/2020,May 09,33068
Fulton County,05/16/2020,May 16,24780
Gilmer County,03/07/2020,Mar 07,8
Gilmer County,03/14/2020,Mar 14,20
Gilmer County,03/21/2020,Mar 21,39
Gilmer County,03/28/2020,Mar 28,257
Gilmer County,04/04/2020,Apr 04,813
Gilmer County,04/11/2020,Apr 11,667
Gilmer County,04/18/2020,Apr 18,587
Gilmer County,04/25/2020,Apr 25,505
Gilmer County,05/02/2020,May 02,576
Gilmer County,05/09/2020,May 09,613
Gilmer County,05/16/2020,May 16,335
Glascock County,03/07/2020,Mar 07,2
Glascock County,03/14/2020,Mar 14,0
Glascock County,03/21/2020,Mar 21,1
Glascock County,03/28/2020,Mar 28,15
Glascock County,04/04/2020,Apr 04,35
Glascock County,04/11/2020,Apr 11,50
Glascock County,04/18/2020,Apr 18,47
Glascock County,04/25/2020,Apr 25,46
Glascock County,05/02/2020,May 02,77
Glascock County,05/09/2020,May 09,52
Glascock County,05/16/2020,May 16,27
Glynn County,03/07/2020,Mar 07,27
Glynn County,03/14/2020,Mar 14,35
Glynn County,03/21/2020,Mar 21,57
Glynn County,03/28/2020,Mar 28,1110
Glynn County,04/04/2020,Apr 04,4186
Glynn County,04/11/2020,Apr 11,2973
Glynn County,04/18/2020,Apr 18,1961
Glynn County,04/25/2020,Apr 25,2168
Glynn County,05/02/2020,May 02,1740
Glynn County,05/09/2020,May 09,2980
Glynn County,05/16/2020,May 16,1365
Gordon County,03/07/2020,Mar 07,45
Gordon County,03/14/2020,Mar 14,53
Gordon County,03/21/2020,Mar 21,51
Gordon County,03/28/2020,Mar 28,463
Gordon County,04/04/2020,Apr 04,1706
Gordon County,04/11/2020,Apr 11,1915
Gordon County,04/18/2020,Apr 18,2194
Gordon County,04/25/2020,Apr 25,1766
Gordon County,05/02/2020,May 02,1408
Gordon County,05/09/2020,May 09,1768
Gordon County,05/16/2020,May 16,992
Grady County,03/07/2020,Mar 07,7
Grady County,03/14/2020,Mar 14,3
Grady County,03/21/2020,Mar 21,11
Grady County,03/28/2020,Mar 28,96
Grady County,04/04/2020,Apr 04,447
Grady County,04/11/2020,Apr 11,376
Grady County,04/18/2020,Apr 18,261
Grady County,04/25/2020,Apr 25,323
Grady County,05/02/2020,May 02,209
Grady County,05/09/2020,May 09,228
Grady County,05/16/2020,May 16,181
Greene County,03/07/2020,Mar 07,9
Greene County,03/14/2020,Mar 14,7
Greene County,03/21/2020,Mar 21,11
Greene County,03/28/2020,Mar 28,147
Greene County,04/04/2020,Apr 04,457
Greene County,04/11/2020,Apr 11,534
Greene County,04/18/2020,Apr 18,367
Greene County,04/25/2020,Apr 25,300
Greene County,05/02/2020,May 02,322
Greene County,05/09/2020,May 09,330
Greene County,05/16/2020,May 16,227
Gwinnett County,03/07/2020,Mar 07,299
Gwinnett County,03/14/2020,Mar 14,377
Gwinnett County,03/21/2020,Mar 21,869
Gwinnett County,03/28/2020,Mar 28,12556
Gwinnett County,04/04/2020,Apr 04,41058
Gwinnett County,04/11/2020,Apr 11,27660
Gwinnett County,04/18/2020,Apr 18,23099
Gwinnett County,04/25/2020,Apr 25,26400
Gwinnett County,05/02/2020,May 02,20158
Gwinnett County,05/09/2020,May 09,24005
Gwinnett County,05/16/2020,May 16,16421
Habersham County,03/07/2020,Mar 07,17
Habersham County,03/14/2020,Mar 14,174
Habersham County,03/21/2020,Mar 21,42
Habersham County,03/28/2020,Mar 28,381
Habersham County,04/04/2020,Apr 04,1145
Habersham County,04/11/2020,Apr 11,782
Habersham County,04/18/2020,Apr 18,850
Habersham County,04/25/2020,Apr 25,715
Habersham County,05/02/2020,May 02,556
Habersham County,05/09/2020,May 09,622
Habersham County,05/16/2020,May 16,468
Hall County,03/07/2020,Mar 07,54
Hall County,03/14/2020,Mar 14,94
Hall County,03/21/2020,Mar 21,130
Hall County,03/28/2020,Mar 28,1992
Hall County,04/04/2020,Apr 04,7087
Hall County,04/11/2020,Apr 11,4688
Hall County,04/18/2020,Apr 18,4518
Hall County,04/25/2020,Apr 25,4402
Hall County,05/02/2020,May 02,4332
Hall County,05/09/2020,May 09,3777
Hall County,05/16/2020,May 16,2835
Hancock County,03/07/2020,Mar 07,4
Hancock County,03/14/2020,Mar 14,4
Hancock County,03/21/2020,Mar 21,4
Hancock County,03/28/2020,Mar 28,28
Hancock County,04/04/2020,Apr 04,116
Hancock County,04/11/2020,Apr 11,151
Hancock County,04/18/2020,Apr 18,96
Hancock County,04/25/2020,Apr 25,130
Hancock County,05/02/2020,May 02,135
Hancock County,05/09/2020,May 09,126
Hancock County,05/16/2020,May 16,76
Haralson County,03/07/2020,Mar 07,3
Haralson County,03/14/2020,Mar 14,15
Haralson County,03/21/2020,Mar 21,21
Haralson County,03/28/2020,Mar 28,222
Haralson County,04/04/2020,Apr 04,983
Haralson County,04/11/2020,Apr 11,878
Haralson County,04/18/2020,Apr 18,1212
Haralson County,04/25/2020,Apr 25,681
Haralson County,05/02/2020,May 02,552
Haralson County,05/09/2020,May 09,460
Haralson County,05/16/2020,May 16,336
Harris County,03/07/2020,Mar 07,6
Harris County,03/14/2020,Mar 14,16
Harris County,03/21/2020,Mar 21,21
Harris County,03/28/2020,Mar 28,492
Harris County,04/04/2020,Apr 04,846
Harris County,04/11/2020,Apr 11,807
Harris County,04/18/2020,Apr 18,558
Harris County,04/25/2020,Apr 25,628
Harris County,05/02/2020,May 02,582
Harris County,05/09/2020,May 09,653
Harris County,05/16/2020,May 16,495
Hart County,03/07/2020,Mar 07,14
Hart County,03/14/2020,Mar 14,14
Hart County,03/21/2020,Mar 21,22
Hart County,03/28/2020,Mar 28,102
Hart County,04/04/2020,Apr 04,436
Hart County,04/11/2020,Apr 11,530
Hart County,04/18/2020,Apr 18,360
Hart County,04/25/2020,Apr 25,390
Hart County,05/02/2020,May 02,328
Hart County,05/09/2020,May 09,345
Hart County,05/16/2020,May 16,256
Heard County,03/07/2020,Mar 07,6
Heard County,03/14/2020,Mar 14,9
Heard County,03/21/2020,Mar 21,7
Heard County,03/28/2020,Mar 28,75
Heard County,04/04/2020,Apr 04,390
Heard County,04/11/2020,Apr 11,247
Heard County,04/18/2020,Apr 18,222
Heard County,04/25/2020,Apr 25,225
Heard County,05/02/2020,May 02,186
Heard County,05/09/2020,May 09,171
Heard County,05/16/2020,May 16,184
Henry County,03/07/2020,Mar 07,98
Henry County,03/14/2020,Mar 14,122
Henry County,03/21/2020,Mar 21,285
Henry County,03/28/2020,Mar 28,3044
Henry County,04/04/2020,Apr 04,9962
Henry County,04/11/2020,Apr 11,7643
Henry County,04/18/2020,Apr 18,6122
Henry County,04/25/2020,Apr 25,7772
Henry County,05/02/2020,May 02,7501
Henry County,05/09/2020,May 09,7422
Henry County,05/16/2020,May 16,5243
Houston County,03/07/2020,Mar 07,50
Houston County,03/14/2020,Mar 14,39
Houston County,03/21/2020,Mar 21,121
Houston County,03/28/2020,Mar 28,1607
Houston County,04/04/2020,Apr 04,4167
Houston County,04/11/2020,Apr 11,3461
Houston County,04/18/2020,Apr 18,2529
Houston County,04/25/2020,Apr 25,2773
Houston County,05/02/2020,May 02,2144
Houston County,05/09/2020,May 09,2530
Houston County,05/16/2020,May 16,1688
Irwin County,03/07/2020,Mar 07,5
Irwin County,03/14/2020,Mar 14,2
Irwin County,03/21/2020,Mar 21,3
Irwin County,03/28/2020,Mar 28,24
Irwin County,04/04/2020,Apr 04,98
Irwin County,04/11/2020,Apr 11,126
Irwin County,04/18/2020,Apr 18,129
Irwin County,04/25/2020,Apr 25,130
Irwin County,05/02/2020,May 02,70
Irwin County,05/09/2020,May 09,85
Irwin County,05/16/2020,May 16,60
Jackson County,03/07/2020,Mar 07,23
Jackson County,03/14/2020,Mar 14,39
Jackson County,03/21/2020,Mar 21,55
Jackson County,03/28/2020,Mar 28,746
Jackson County,04/04/2020,Apr 04,2354
Jackson County,04/11/2020,Apr 11,1915
Jackson County,04/18/2020,Apr 18,1982
Jackson County,04/25/2020,Apr 25,1833
Jackson County,05/02/2020,May 02,1779
Jackson County,05/09/2020,May 09,1545
Jackson County,05/16/2020,May 16,1468
Jasper County,03/07/2020,Mar 07,4
Jasper County,03/14/2020,Mar 14,9
Jasper County,03/21/2020,Mar 21,18
Jasper County,03/28/2020,Mar 28,105
Jasper County,04/04/2020,Apr 04,339
Jasper County,04/11/2020,Apr 11,297
Jasper County,04/18/2020,Apr 18,222
Jasper County,04/25/2020,Apr 25,242
Jasper County,05/02/2020,May 02,266
Jasper County,05/09/2020,May 09,217
Jasper County,05/16/2020,May 16,175
Jeff Davis County,03/07/2020,Mar 07,12
Jeff Davis County,03/14/2020,Mar 14,6
Jeff Davis County,03/21/2020,Mar 21,4
Jeff Davis County,03/28/2020,Mar 28,41
Jeff Davis County,04/04/2020,Apr 04,208
Jeff Davis County,04/11/2020,Apr 11,232
Jeff Davis County,04/18/2020,Apr 18,266
Jeff Davis County,04/25/2020,Apr 25,247
Jeff Davis County,05/02/2020,May 02,192
Jeff Davis County,05/09/2020,May 09,221
Jeff Davis County,05/16/2020,May 16,157
Jefferson County,03/07/2020,Mar 07,16
Jefferson County,03/14/2020,Mar 14,14
Jefferson County,03/21/2020,Mar 21,9
Jefferson County,03/28/2020,Mar 28,69
Jefferson County,04/04/2020,Apr 04,265
Jefferson County,04/11/2020,Apr 11,277
Jefferson County,04/18/2020,Apr 18,223
Jefferson County,04/25/2020,Apr 25,262
Jefferson County,05/02/2020,May 02,249
Jefferson County,05/09/2020,May 09,199
Jefferson County,05/16/2020,May 16,176
Jenkins County,03/07/2020,Mar 07,6
Jenkins County,03/14/2020,Mar 14,9
Jenkins County,03/21/2020,Mar 21,5
Jenkins County,03/28/2020,Mar 28,42
Jenkins County,04/04/2020,Apr 04,127
Jenkins County,04/11/2020,Apr 11,127
Jenkins County,04/18/2020,Apr 18,102
Jenkins County,04/25/2020,Apr 25,115
Jenkins County,05/02/2020,May 02,78
Jenkins County,05/09/2020,May 09,90
Jenkins County,05/16/2020,May 16,102
Johnson County,03/07/2020,Mar 07,7
Johnson County,03/14/2020,Mar 14,10
Johnson County,03/21/2020,Mar 21,4
Johnson County,03/28/2020,Mar 28,24
Johnson County,04/04/2020,Apr 04,107
Johnson County,04/11/2020,Apr 11,137
Johnson County,04/18/2020,Apr 18,121
Johnson County,04/25/2020,Apr 25,80
Johnson County,05/02/2020,May 02,74
Johnson County,05/09/2020,May 09,74
Johnson County,05/16/2020,May 16,73
Jones County,03/07/2020,Mar 07,4
Jones County,03/14/2020,Mar 14,10
Jones County,03/21/2020,Mar 21,12
Jones County,03/28/2020,Mar 28,217
Jones County,04/04/2020,Apr 04,543
Jones County,04/11/2020,Apr 11,432
Jones County,04/18/2020,Apr 18,292
Jones County,04/25/2020,Apr 25,390
Jones County,05/02/2020,May 02,342
Jones County,05/09/2020,May 09,350
Jones County,05/16/2020,May 16,257
Lamar County,03/07/2020,Mar 07,10
Lamar County,03/14/2020,Mar 14,15
Lamar County,03/21/2020,Mar 21,19
Lamar County,03/28/2020,Mar 28,153
Lamar County,04/04/2020,Apr 04,441
Lamar County,04/11/2020,Apr 11,504
Lamar County,04/18/2020,Apr 18,266
Lamar County,04/25/2020,Apr 25,304
Lamar County,05/02/2020,May 02,309
Lamar County,05/09/2020,May 09,263
Lamar County,05/16/2020,May 16,191
Lanier County,03/07/2020,Mar 07,1
Lanier County,03/14/2020,Mar 14,3
Lanier County,03/21/2020,Mar 21,5
Lanier County,03/28/2020,Mar 28,27
Lanier County,04/04/2020,Apr 04,149
Lanier County,04/11/2020,Apr 11,132
Lanier County,04/18/2020,Apr 18,91
Lanier County,04/25/2020,Apr 25,110
Lanier County,05/02/2020,May 02,68
Lanier County,05/09/2020,May 09,79
Lanier County,05/16/2020,May 16,90
Laurens County,03/07/2020,Mar 07,29
Laurens County,03/14/2020,Mar 14,61
Laurens County,03/21/2020,Mar 21,19
Laurens County,03/28/2020,Mar 28,481
Laurens County,04/04/2020,Apr 04,1154
Laurens County,04/11/2020,Apr 11,908
Laurens County,04/18/2020,Apr 18,950
Laurens County,04/25/2020,Apr 25,713
Laurens County,05/02/2020,May 02,575
Laurens County,05/09/2020,May 09,712
Laurens County,05/16/2020,May 16,512
Lee County,03/07/2020,Mar 07,13
Lee County,03/14/2020,Mar 14,17
Lee County,03/21/2020,Mar 21,24
Lee County,03/28/2020,Mar 28,608
Lee County,04/04/2020,Apr 04,1280
Lee County,04/11/2020,Apr 11,1117
Lee County,04/18/2020,Apr 18,902
Lee County,04/25/2020,Apr 25,1122
Lee County,05/02/2020,May 02,763
Lee County,05/09/2020,May 09,824
Lee County,05/16/2020,May 16,610
Liberty County,03/07/2020,Mar 07,25
Liberty County,03/14/2020,Mar 14,26
Liberty County,03/21/2020,Mar 21,36
Liberty County,03/28/2020,Mar 28,429
Liberty County,04/04/2020,Apr 04,1618
Liberty County,04/11/2020,Apr 11,1193
Liberty County,04/18/2020,Apr 18,968
Liberty County,04/25/2020,Apr 25,1190
Liberty County,05/02/2020,May 02,1245
Liberty County,05/09/2020,May 09,1237
Liberty County,05/16/2020,May 16,799
Lincoln County,03/07/2020,Mar 07,8
Lincoln County,03/14/2020,Mar 14,1
Lincoln County,03/21/2020,Mar 21,9
Lincoln County,03/28/2020,Mar 28,32
Lincoln County,04/04/2020,Apr 04,180
Lincoln County,04/11/2020,Apr 11,122
Lincoln County,04/18/2020,Apr 18,88
Lincoln County,04/25/2020,Apr 25,115
Lincoln County,05/02/2020,May 02,117
Lincoln County,05/09/2020,May 09,93
Lincoln County,05/16/2020,May 16,75
Long County,03/07/2020,Mar 07,4
Long County,03/14/2020,Mar 14,11
Long County,03/21/2020,Mar 21,5
Long County,03/28/2020,Mar 28,62
Long County,04/04/2020,Apr 04,304
Long County,04/11/2020,Apr 11,245
Long County,04/18/2020,Apr 18,270
Long County,04/25/2020,Apr 25,271
Long County,05/02/2020,May 02,230
Long County,05/09/2020,May 09,234
Long County,05/16/2020,May 16,215
Lowndes County,03/07/2020,Mar 07,38
Lowndes County,03/14/2020,Mar 14,34
Lowndes County,03/21/2020,Mar 21,48
Lowndes County,03/28/2020,Mar 28,760
Lowndes County,04/04/2020,Apr 04,3400
Lowndes County,04/11/2020,Apr 11,3121
Lowndes County,04/18/2020,Apr 18,2218
Lowndes County,04/25/2020,Apr 25,2389
Lowndes County,05/02/2020,May 02,2165
Lowndes County,05/09/2020,May 09,2014
Lowndes County,05/16/2020,May 16,1694
Lumpkin County,03/07/2020,Mar 07,9
Lumpkin County,03/14/2020,Mar 14,6
Lumpkin County,03/21/2020,Mar 21,23
Lumpkin County,03/28/2020,Mar 28,426
Lumpkin County,04/04/2020,Apr 04,1128
Lumpkin County,04/11/2020,Apr 11,806
Lumpkin County,04/18/2020,Apr 18,725
Lumpkin County,04/25/2020,Apr 25,665
Lumpkin County,05/02/2020,May 02,569
Lumpkin County,05/09/2020,May 09,568
Lumpkin County,05/16/2020,May 16,448
McDuffie County,03/07/2020,Mar 07,12
McDuffie County,03/14/2020,Mar 14,24
McDuffie County,03/21/2020,Mar 21,6
McDuffie County,03/28/2020,Mar 28,106
McDuffie County,04/04/2020,Apr 04,495
McDuffie County,04/11/2020,Apr 11,494
McDuffie County,04/18/2020,Apr 18,401
McDuffie County,04/25/2020,Apr 25,541
McDuffie County,05/02/2020,May 02,399
McDuffie County,05/09/2020,May 09,319
McDuffie County,05/16/2020,May 16,249
McIntosh County,03/07/2020,Mar 07,4
McIntosh County,03/14/2020,Mar 14,7
McIntosh County,03/21/2020,Mar 21,4
McIntosh County,03/28/2020,Mar 28,90
McIntosh County,04/04/2020,Apr 04,449
McIntosh County,04/11/2020,Apr 11,378
McIntosh County,04/18/2020,Apr 18,196
McIntosh County,04/25/2020,Apr 25,236
McIntosh County,05/02/2020,May 02,153
McIntosh County,05/09/2020,May 09,212
McIntosh County,05/16/2020,May 16,131
Macon County,03/07/2020,Mar 07,13
Macon County,03/14/2020,Mar 14,8
Macon County,03/21/2020,Mar 21,4
Macon County,03/28/2020,Mar 28,96
Macon County,04/04/2020,Apr 04,279
Macon County,04/11/2020,Apr 11,284
Macon County,04/18/2020,Apr 18,215
Macon County,04/25/2020,Apr 25,168
Macon County,05/02/2020,May 02,153
Macon County,05/09/2020,May 09,133
Macon County,05/16/2020,May 16,136
Madison County,03/07/2020,Mar 07,8
Madison County,03/14/2020,Mar 14,18
Madison County,03/21/2020,Mar 21,36
Madison County,03/28/2020,Mar 28,360
Madison County,04/04/2020,Apr 04,827
Madison County,04/11/2020,Apr 11,728
Madison County,04/18/2020,Apr 18,652
Madison County,04/25/2020,Apr 25,740
Madison County,05/02/2020,May 02,471
Madison County,05/09/2020,May 09,600
Madison County,05/16/2020,May 16,393
Marion County,03/07/2020,Mar 07,2
Marion County,03/14/2020,Mar 14,3
Marion County,03/21/2020,Mar 21,2
Marion County,03/28/2020,Mar 28,39
Marion County,04/04/2020,Apr 04,112
Marion County,04/11/2020,Apr 11,117
Marion County,04/18/2020,Apr 18,90
Marion County,04/25/2020,Apr 25,101
Marion County,05/02/2020,May 02,105
Marion County,05/09/2020,May 09,82
Marion County,05/16/2020,May 16,125
Meriwether County,03/07/2020,Mar 07,11
Meriwether County,03/14/2020,Mar 14,17
Meriwether County,03/21/2020,Mar 21,13
Meriwether County,03/28/2020,Mar 28,168
Meriwether County,04/04/2020,Apr 04,585
Meriwether County,04/11/2020,Apr 11,575
Meriwether County,04/18/2020,Apr 18,481
Meriwether County,04/25/2020,Apr 25,518
Meriwether County,05/02/2020,May 02,386
Meriwether County,05/09/2020,May 09,433
Meriwether County,05/16/2020,May 16,303
Miller County,03/07/2020,Mar 07,2
Miller County,03/14/2020,Mar 14,5
Miller County,03/21/2020,Mar 21,2
Miller County,03/28/2020,Mar 28,29
Miller County,04/04/2020,Apr 04,74
Miller County,04/11/2020,Apr 11,53
Miller County,04/18/2020,Apr 18,46
Miller County,04/25/2020,Apr 25,60
Miller County,05/02/2020,May 02,52
Miller County,05/09/2020,May 09,106
Miller County,05/16/2020,May 16,45
Mitchell County,03/07/2020,Mar 07,6
Mitchell County,03/14/2020,Mar 14,7
Mitchell County,03/21/2020,Mar 21,7
Mitchell County,03/28/2020,Mar 28,99
Mitchell County,04/04/2020,Apr 04,310
Mitchell County,04/11/2020,Apr 11,245
Mitchell County,04/18/2020,Apr 18,176
Mitchell County,04/25/2020,Apr 25,217
Mitchell County,05/02/2020,May 02,180
Mitchell County,05/09/2020,May 09,203
Mitchell County,05/16/2020,May 16,182
Monroe County,03/07/2020,Mar 07,6
Monroe County,03/14/2020,Mar 14,12
Monroe County,03/21/2020,Mar 21,18
Monroe County,03/28/2020,Mar 28,210
Monroe County,04/04/2020,Apr 04,646
Monroe County,04/11/2020,Apr 11,526
Monroe County,04/18/2020,Apr 18,316
Monroe County,04/25/2020,Apr 25,407
Monroe County,05/02/2020,May 02,404
Monroe County,05/09/2020,May 09,406
Monroe County,05/16/2020,May 16,275
Montgomery County,03/07/2020,Mar 07,7
Montgomery County,03/14/2020,Mar 14,9
Montgomery County,03/21/2020,Mar 21,5
Montgomery County,03/28/2020,Mar 28,53
Montgomery County,04/04/2020,Apr 04,151
Montgomery County,04/11/2020,Apr 11,232
Montgomery County,04/18/2020,Apr 18,245
Montgomery County,04/25/2020,Apr 25,162
Montgomery County,05/02/2020,May 02,186
Montgomery County,05/09/2020,May 09,141
Montgomery County,05/16/2020,May 16,168
Morgan County,03/07/2020,Mar 07,10
Morgan County,03/14/2020,Mar 14,5
Morgan County,03/21/2020,Mar 21,52
Morgan County,03/28/2020,Mar 28,208
Morgan County,04/04/2020,Apr 04,583
Morgan County,04/11/2020,Apr 11,521
Morgan County,04/18/2020,Apr 18,330
Morgan County,04/25/2020,Apr 25,449
Morgan County,05/02/2020,May 02,318
Morgan County,05/09/2020,May 09,369
Morgan County,05/16/2020,May 16,286
Murray County,03/07/2020,Mar 07,40
Murray County,03/14/2020,Mar 14,32
Murray County,03/21/2020,Mar 21,21
Murray County,03/28/2020,Mar 28,304
Murray County,04/04/2020,Apr 04,870
Murray County,04/11/2020,Apr 11,1277
Murray County,04/18/2020,Apr 18,2275
Murray County,04/25/2020,Apr 25,1276
Murray County,05/02/2020,May 02,1151
Murray County,05/09/2020,May 09,1341
Murray County,05/16/2020,May 16,832
Muscogee County,03/07/2020,Mar 07,72
Muscogee County,03/14/2020,Mar 14,106
Muscogee County,03/21/2020,Mar 21,106
Muscogee County,03/28/2020,Mar 28,2144
Muscogee County,04/04/2020,Apr 04,6146
Muscogee County,04/11/2020,Apr 11,4639
Muscogee County,04/18/2020,Apr 18,3588
Muscogee County,04/25/2020,Apr 25,4076
Muscogee County,05/02/2020,May 02,3309
Muscogee County,05/09/2020,May 09,3831
Muscogee County,05/16/2020,May 16,2777
Newton County,03/07/2020,Mar 07,54
Newton County,03/14/2020,Mar 14,74
Newton County,03/21/2020,Mar 21,134
Newton County,03/28/2020,Mar 28,1250
Newton County,04/04/2020,Apr 04,3987
Newton County,04/11/2020,Apr 11,3078
Newton County,04/18/2020,Apr 18,2122
Newton County,04/25/2020,Apr 25,2724
Newton County,05/02/2020,May 02,2338
Newton County,05/09/2020,May 09,2479
Newton County,05/16/2020,May 16,1910
Oconee County,03/07/2020,Mar 07,6
Oconee County,03/14/2020,Mar 14,5
Oconee County,03/21/2020,Mar 21,42
Oconee County,03/28/2020,Mar 28,427
Oconee County,04/04/2020,Apr 04,877
Oconee County,04/11/2020,Apr 11,759
Oconee County,04/18/2020,Apr 18,682
Oconee County,04/25/2020,Apr 25,811
Oconee County,05/02/2020,May 02,597
Oconee County,05/09/2020,May 09,706
Oconee County,05/16/2020,May 16,558
Oglethorpe County,03/07/2020,Mar 07,4
Oglethorpe County,03/14/2020,Mar 14,6
Oglethorpe County,03/21/2020,Mar 21,16
Oglethorpe County,03/28/2020,Mar 28,110
Oglethorpe County,04/04/2020,Apr 04,277
Oglethorpe County,04/11/2020,Apr 11,278
Oglethorpe County,04/18/2020,Apr 18,179
Oglethorpe County,04/25/2020,Apr 25,246
Oglethorpe County,05/02/2020,May 02,134
Oglethorpe County,05/09/2020,May 09,302
Oglethorpe County,05/16/2020,May 16,138
Paulding County,03/07/2020,Mar 07,43
Paulding County,03/14/2020,Mar 14,52
Paulding County,03/21/2020,Mar 21,164
Paulding County,03/28/2020,Mar 28,1869
Paulding County,04/04/2020,Apr 04,5882
Paulding County,04/11/2020,Apr 11,3695
Paulding County,04/18/2020,Apr 18,2998
Paulding County,04/25/2020,Apr 25,3205
Paulding County,05/02/2020,May 02,2649
Paulding County,05/09/2020,May 09,2942
Paulding County,05/16/2020,May 16,1945
Peach County,03/07/2020,Mar 07,11
Peach County,03/14/2020,Mar 14,10
Peach County,03/21/2020,Mar 21,18
Peach County,03/28/2020,Mar 28,240
Peach County,04/04/2020,Apr 04,703
Peach County,04/11/2020,Apr 11,851
Peach County,04/18/2020,Apr 18,593
Peach County,04/25/2020,Apr 25,544
Peach County,05/02/2020,May 02,449
Peach County,05/09/2020,May 09,479
Peach County,05/16/2020,May 16,316
Pickens County,03/07/2020,Mar 07,19
Pickens County,03/14/2020,Mar 14,18
Pickens County,03/21/2020,Mar 21,47
Pickens County,03/28/2020,Mar 28,342
Pickens County,04/04/2020,Apr 04,978
Pickens County,04/11/2020,Apr 11,712
Pickens County,04/18/2020,Apr 18,602
Pickens County,04/25/2020,Apr 25,592
Pickens County,05/02/2020,May 02,584
Pickens County,05/09/2020,May 09,664
Pickens County,05/16/2020,May 16,396
Pierce County,03/07/2020,Mar 07,4
Pierce County,03/14/2020,Mar 14,11
Pierce County,03/21/2020,Mar 21,6
Pierce County,03/28/2020,Mar 28,81
Pierce County,04/04/2020,Apr 04,386
Pierce County,04/11/2020,Apr 11,244
Pierce County,04/18/2020,Apr 18,442
Pierce County,04/25/2020,Apr 25,295
Pierce County,05/02/2020,May 02,324
Pierce County,05/09/2020,May 09,232
Pierce County,05/16/2020,May 16,237
Pike County,03/07/2020,Mar 07,2
Pike County,03/14/2020,Mar 14,10
Pike County,03/21/2020,Mar 21,21
Pike County,03/28/2020,Mar 28,118
Pike County,04/04/2020,Apr 04,471
Pike County,04/11/2020,Apr 11,497
Pike County,04/18/2020,Apr 18,338
Pike County,04/25/2020,Apr 25,364
Pike County,05/02/2020,May 02,340
Pike County,05/09/2020,May 09,277
Pike County,05/16/2020,May 16,212
Polk County,03/07/2020,Mar 07,28
Polk County,03/14/2020,Mar 14,62
Polk County,03/21/2020,Mar 21,73
Polk County,03/28/2020,Mar 28,314
Polk County,04/04/2020,Apr 04,1572
Polk County,04/11/2020,Apr 11,932
Polk County,04/18/2020,Apr 18,1145
Polk County,04/25/2020,Apr 25,945
Polk County,05/02/2020,May 02,759
Polk County,05/09/2020,May 09,862
Polk County,05/16/2020,May 16,555
Pulaski County,03/07/2020,Mar 07,3
Pulaski County,03/14/2020,Mar 14,5
Pulaski County,03/21/2020,Mar 21,2
Pulaski County,03/28/2020,Mar 28,31
Pulaski County,04/04/2020,Apr 04,123
Pulaski County,04/11/2020,Apr 11,151
Pulaski County,04/18/2020,Apr 18,112
Pulaski County,04/25/2020,Apr 25,130
Pulaski County,05/02/2020,May 02,101
Pulaski County,05/09/2020,May 09,70
Pulaski County,05/16/2020,May 16,72
Putnam County,03/07/2020,Mar 07,9
Putnam County,03/14/2020,Mar 14,2
Putnam County,03/21/2020,Mar 21,13
Putnam County,03/28/2020,Mar 28,217
Putnam County,04/04/2020,Apr 04,648
Putnam County,04/11/2020,Apr 11,604
Putnam County,04/18/2020,Apr 18,356
Putnam County,04/25/2020,Apr 25,359
Putnam County,05/02/2020,May 02,359
Putnam County,05/09/2020,May 09,380
Putnam County,05/16/2020,May 16,242
Quitman County,03/07/2020,Mar 07,0
Quitman County,03/14/2020,Mar 14,1
Quitman County,03/21/2020,Mar 21,0
Quitman County,03/28/2020,Mar 28,2
Quitman County,04/04/2020,Apr 04,8
Quitman County,04/11/2020,Apr 11,6
Quitman County,04/18/2020,Apr 18,8
Quitman County,04/25/2020,Apr 25,18
Quitman County,05/02/2020,May 02,8
Quitman County,05/09/2020,May 09,9
Quitman County,05/16/2020,May 16,6
Rabun County,03/07/2020,Mar 07,5
Rabun County,03/14/2020,Mar 14,6
Rabun County,03/21/2020,Mar 21,10
Rabun County,03/28/2020,Mar 28,208
Rabun County,04/04/2020,Apr 04,697
Rabun County,04/11/2020,Apr 11,332
Rabun County,04/18/2020,Apr 18,302
Rabun County,04/25/2020,Apr 25,256
Rabun County,05/02/2020,May 02,190
Rabun County,05/09/2020,May 09,286
Rabun County,05/16/2020,May 16,143
Randolph County,03/07/2020,Mar 07,0
Randolph County,03/14/2020,Mar 14,5
Randolph County,03/21/2020,Mar 21,2
Randolph County,03/28/2020,Mar 28,66
Randolph County,04/04/2020,Apr 04,219
Randolph County,04/11/2020,Apr 11,233
Randolph County,04/18/2020,Apr 18,165
Randolph County,04/25/2020,Apr 25,239
Randolph County,05/02/2020,May 02,116
Randolph County,05/09/2020,May 09,77
Randolph County,05/16/2020,May 16,57
Richmond County,03/07/2020,Mar 07,128
Richmond County,03/14/2020,Mar 14,88
Richmond County,03/21/2020,Mar 21,141
Richmond County,03/28/2020,Mar 28,2013
Richmond County,04/04/2020,Apr 04,5670
Richmond County,04/11/2020,Apr 11,4869
Richmond County,04/18/2020,Apr 18,3450
Richmond County,04/25/2020,Apr 25,4066
Richmond County,05/02/2020,May 02,3424
Richmond County,05/09/2020,May 09,3349
Richmond County,05/16/2020,May 16,2446
Rockdale County,03/07/2020,Mar 07,57
Rockdale County,03/14/2020,Mar 14,68
Rockdale County,03/21/2020,Mar 21,125
Rockdale County,03/28/2020,Mar 28,1120
Rockdale County,04/04/2020,Apr 04,3455
Rockdale County,04/11/2020,Apr 11,2691
Rockdale County,04/18/2020,Apr 18,1976
Rockdale County,04/25/2020,Apr 25,2273
Rockdale County,05/02/2020,May 02,2292
Rockdale County,05/09/2020,May 09,2484
Rockdale County,05/16/2020,May 16,1823
Schley County,03/07/2020,Mar 07,1
Schley County,03/14/2020,Mar 14,2
Schley County,03/21/2020,Mar 21,1
Schley County,03/28/2020,Mar 28,15
Schley County,04/04/2020,Apr 04,62
Schley County,04/11/2020,Apr 11,46
Schley County,04/18/2020,Apr 18,46
Schley County,04/25/2020,Apr 25,29
Schley County,05/02/2020,May 02,25
Schley County,05/09/2020,May 09,35
Schley County,05/16/2020,May 16,54
Screven County,03/07/2020,Mar 07,11
Screven County,03/14/2020,Mar 14,5
Screven County,03/21/2020,Mar 21,16
Screven County,03/28/2020,Mar 28,69
Screven County,04/04/2020,Apr 04,270
Screven County,04/11/2020,Apr 11,383
Screven County,04/18/2020,Apr 18,405
Screven County,04/25/2020,Apr 25,241
Screven County,05/02/2020,May 02,318
Screven County,05/09/2020,May 09,312
Screven County,05/16/2020,May 16,261
Seminole County,03/07/2020,Mar 07,1
Seminole County,03/14/2020,Mar 14,2
Seminole County,03/21/2020,Mar 21,2
Seminole County,03/28/2020,Mar 28,39
Seminole County,04/04/2020,Apr 04,106
Seminole County,04/11/2020,Apr 11,115
Seminole County,04/18/2020,Apr 18,82
Seminole County,04/25/2020,Apr 25,110
Seminole County,05/02/2020,May 02,85
Seminole County,05/09/2020,May 09,77
Seminole County,05/16/2020,May 16,63
Spalding County,03/07/2020,Mar 07,47
Spalding County,03/14/2020,Mar 14,73
Spalding County,03/21/2020,Mar 21,59
Spalding County,03/28/2020,Mar 28,565
Spalding County,04/04/2020,Apr 04,1921
Spalding County,04/11/2020,Apr 11,1935
Spalding County,04/18/2020,Apr 18,1336
Spalding County,04/25/2020,Apr 25,1425
Spalding County,05/02/2020,May 02,1422
Spalding County,05/09/2020,May 09,1255
Spalding County,05/16/2020,May 16,872
Stephens County,03/07/2020,Mar 07,10
Stephens County,03/14/2020,Mar 14,20
Stephens County,03/21/2020,Mar 21,11
Stephens County,03/28/2020,Mar 28,150
Stephens County,04/04/2020,Apr 04,677
Stephens County,04/11/2020,Apr 11,533
Stephens County,04/18/2020,Apr 18,634
Stephens County,04/25/2020,Apr 25,527
Stephens County,05/02/2020,May 02,599
Stephens County,05/09/2020,May 09,494
Stephens County,05/16/2020,May 16,372
Stewart County,03/07/2020,Mar 07,5
Stewart County,03/14/2020,Mar 14,14
Stewart County,03/21/2020,Mar 21,1
Stewart County,03/28/2020,Mar 28,18
Stewart County,04/04/2020,Apr 04,42
Stewart County,04/11/2020,Apr 11,70
Stewart County,04/18/2020,Apr 18,46
Stewart County,04/25/2020,Apr 25,42
Stewart County,05/02/2020,May 02,39
Stewart County,05/09/2020,May 09,31
Stewart County,05/16/2020,May 16,38
Sumter County,03/07/2020,Mar 07,13
Sumter County,03/14/2020,Mar 14,39
Sumter County,03/21/2020,Mar 21,16
Sumter County,03/28/2020,Mar 28,132
Sumter County,04/04/2020,Apr 04,556
Sumter County,04/11/2020,Apr 11,479
Sumter County,04/18/2020,Apr 18,435
Sumter County,04/25/2020,Apr 25,438
Sumter County,05/02/2020,May 02,336
Sumter County,05/09/2020,May 09,319
Sumter County,05/16/2020,May 16,284
Talbot County,03/07/2020,Mar 07,1
Talbot County,03/14/2020,Mar 14,1
Talbot County,03/21/2020,Mar 21,4
Talbot County,03/28/2020,Mar 28,38
Talbot County,04/04/2020,Apr 04,112
Talbot County,04/11/2020,Apr 11,122
Talbot County,04/18/2020,Apr 18,63
Talbot County,04/25/2020,Apr 25,86
Talbot County,05/02/2020,May 02,71
Talbot County,05/09/2020,May 09,81
Talbot County,05/16/2020,May 16,67
Taliaferro County,03/07/2020,Mar 07,1
Taliaferro County,03/14/2020,Mar 14,0
Taliaferro County,03/21/2020,Mar 21,1
Taliaferro County,03/28/2020,Mar 28,11
Taliaferro County,04/04/2020,Apr 04,25
Taliaferro County,04/11/2020,Apr 11,34
Taliaferro County,04/18/2020,Apr 18,22
Taliaferro County,04/25/2020,Apr 25,21
Taliaferro County,05/02/2020,May 02,16
Taliaferro County,05/09/2020,May 09,19
Taliaferro County,05/16/2020,May 16,14
Tattnall County,03/07/2020,Mar 07,8
Tattnall County,03/14/2020,Mar 14,15
Tattnall County,03/21/2020,Mar 21,4
Tattnall County,03/28/2020,Mar 28,50
Tattnall County,04/04/2020,Apr 04,288
Tattnall County,04/11/2020,Apr 11,281
Tattnall County,04/18/2020,Apr 18,211
Tattnall County,04/25/2020,Apr 25,203
Tattnall County,05/02/2020,May 02,180
Tattnall County,05/09/2020,May 09,171
Tattnall County,05/16/2020,May 16,136
Taylor County,03/07/2020,Mar 07,3
Taylor County,03/14/2020,Mar 14,6
Taylor County,03/21/2020,Mar 21,2
Taylor County,03/28/2020,Mar 28,44
Taylor County,04/04/2020,Apr 04,103
Taylor County,04/11/2020,Apr 11,164
Taylor County,04/18/2020,Apr 18,122
Taylor County,04/25/2020,Apr 25,98
Taylor County,05/02/2020,May 02,91
Taylor County,05/09/2020,May 09,74
Taylor County,05/16/2020,May 16,49
Telfair County,03/07/2020,Mar 07,5
Telfair County,03/14/2020,Mar 14,6
Telfair County,03/21/2020,Mar 21,7
Telfair County,03/28/2020,Mar 28,17
Telfair County,04/04/2020,Apr 04,160
Telfair County,04/11/2020,Apr 11,163
Telfair County,04/18/2020,Apr 18,86
Telfair County,04/25/2020,Apr 25,77
Telfair County,05/02/2020,May 02,75
Telfair County,05/09/2020,May 09,87
Telfair County,05/16/2020,May 16,76
Terrell County,03/07/2020,Mar 07,4
Terrell County,03/14/2020,Mar 14,15
Terrell County,03/21/2020,Mar 21,4
Terrell County,03/28/2020,Mar 28,47
Terrell County,04/04/2020,Apr 04,144
Terrell County,04/11/2020,Apr 11,137
Terrell County,04/18/2020,Apr 18,91
Terrell County,04/25/2020,Apr 25,135
Terrell County,05/02/2020,May 02,118
Terrell County,05/09/2020,May 09,105
Terrell County,05/16/2020,May 16,94
Thomas County,03/07/2020,Mar 07,13
Thomas County,03/14/2020,Mar 14,13
Thomas County,03/21/2020,Mar 21,19
Thomas County,03/28/2020,Mar 28,392
Thomas County,04/04/2020,Apr 04,989
Thomas County,04/11/2020,Apr 11,716
Thomas County,04/18/2020,Apr 18,783
Thomas County,04/25/2020,Apr 25,719
Thomas County,05/02/2020,May 02,623
Thomas County,05/09/2020,May 09,541
Thomas County,05/16/2020,May 16,548
Tift County,03/07/2020,Mar 07,16
Tift County,03/14/2020,Mar 14,19
Tift County,03/21/2020,Mar 21,12
Tift County,03/28/2020,Mar 28,444
Tift County,04/04/2020,Apr 04,1170
Tift County,04/11/2020,Apr 11,792
Tift County,04/18/2020,Apr 18,841
Tift County,04/25/2020,Apr 25,823
Tift County,05/02/2020,May 02,748
Tift County,05/09/2020,May 09,627
Tift County,05/16/2020,May 16,508
Toombs County,03/07/2020,Mar 07,16
Toombs County,03/14/2020,Mar 14,15
Toombs County,03/21/2020,Mar 21,19
Toombs County,03/28/2020,Mar 28,156
Toombs County,04/04/2020,Apr 04,530
Toombs County,04/11/2020,Apr 11,770
Toombs County,04/18/2020,Apr 18,642
Toombs County,04/25/2020,Apr 25,572
Toombs County,05/02/2020,May 02,403
Toombs County,05/09/2020,May 09,386
Toombs County,05/16/2020,May 16,305
Towns County,03/07/2020,Mar 07,5
Towns County,03/14/2020,Mar 14,3
Towns County,03/21/2020,Mar 21,16
Towns County,03/28/2020,Mar 28,120
Towns County,04/04/2020,Apr 04,362
Towns County,04/11/2020,Apr 11,214
Towns County,04/18/2020,Apr 18,126
Towns County,04/25/2020,Apr 25,233
Towns County,05/02/2020,May 02,119
Towns County,05/09/2020,May 09,217
Towns County,05/16/2020,May 16,144
Treutlen County,03/07/2020,Mar 07,1
Treutlen County,03/14/2020,Mar 14,5
Treutlen County,03/21/2020,Mar 21,1
Treutlen County,03/28/2020,Mar 28,32
Treutlen County,04/04/2020,Apr 04,75
Treutlen County,04/11/2020,Apr 11,105
Treutlen County,04/18/2020,Apr 18,132
Treutlen County,04/25/2020,Apr 25,65
Treutlen County,05/02/2020,May 02,68
Treutlen County,05/09/2020,May 09,54
Treutlen County,05/16/2020,May 16,62
Troup County,03/07/2020,Mar 07,37
Troup County,03/14/2020,Mar 14,34
Troup County,03/21/2020,Mar 21,46
Troup County,03/28/2020,Mar 28,725
Troup County,04/04/2020,Apr 04,2233
Troup County,04/11/2020,Apr 11,3358
Troup County,04/18/2020,Apr 18,2496
Troup County,04/25/2020,Apr 25,2667
Troup County,05/02/2020,May 02,1597
Troup County,05/09/2020,May 09,1725
Troup County,05/16/2020,May 16,1314
Turner County,03/07/2020,Mar 07,2
Turner County,03/14/2020,Mar 14,4
Turner County,03/21/2020,Mar 21,6
Turner County,03/28/2020,Mar 28,57
Turner County,04/04/2020,Apr 04,199
Turner County,04/11/2020,Apr 11,114
Turner County,04/18/2020,Apr 18,160
Turner County,04/25/2020,Apr 25,150
Turner County,05/02/2020,May 02,107
Turner County,05/09/2020,May 09,122
Turner County,05/16/2020,May 16,71
Twiggs County,03/07/2020,Mar 07,3
Twiggs County,03/14/2020,Mar 14,8
Twiggs County,03/21/2020,Mar 21,6
Twiggs County,03/28/2020,Mar 28,33
Twiggs County,04/04/2020,Apr 04,110
Twiggs County,04/11/2020,Apr 11,100
Twiggs County,04/18/2020,Apr 18,70
Twiggs County,04/25/2020,Apr 25,112
Twiggs County,05/02/2020,May 02,84
Twiggs County,05/09/2020,May 09,87
Twiggs County,05/16/2020,May 16,81
Union County,03/07/2020,Mar 07,11
Union County,03/14/2020,Mar 14,14
Union County,03/21/2020,Mar 21,12
Union County,03/28/2020,Mar 28,284
Union County,04/04/2020,Apr 04,723
Union County,04/11/2020,Apr 11,490
Union County,04/18/2020,Apr 18,343
Union County,04/25/2020,Apr 25,389
Union County,05/02/2020,May 02,275
Union County,05/09/2020,May 09,417
Union County,05/16/2020,May 16,244
Upson County,03/07/2020,Mar 07,14
Upson County,03/14/2020,Mar 14,16
Upson County,03/21/2020,Mar 21,15
Upson County,03/28/2020,Mar 28,120
Upson County,04/04/2020,Apr 04,844
Upson County,04/11/2020,Apr 11,703
Upson County,04/18/2020,Apr 18,562
Upson County,04/25/2020,Apr 25,574
Upson County,05/02/2020,May 02,582
Upson County,05/09/2020,May 09,446
Upson County,05/16/2020,May 16,387
Walker County,03/07/2020,Mar 07,10
Walker County,03/14/2020,Mar 14,14
Walker County,03/21/2020,Mar 21,32
Walker County,03/28/2020,Mar 28,321
Walker County,04/04/2020,Apr 04,1267
Walker County,04/11/2020,Apr 11,2043
Walker County,04/18/2020,Apr 18,1141
Walker County,04/25/2020,Apr 25,1112
Walker County,05/02/2020,May 02,756
Walker County,05/09/2020,May 09,829
Walker County,05/16/2020,May 16,577
Walton County,03/07/2020,Mar 07,24
Walton County,03/14/2020,Mar 14,46
Walton County,03/21/2020,Mar 21,62
Walton County,03/28/2020,Mar 28,1140
Walton County,04/04/2020,Apr 04,3120
Walton County,04/11/2020,Apr 11,2661
Walton County,04/18/2020,Apr 18,2207
Walton County,04/25/2020,Apr 25,2538
Walton County,05/02/2020,May 02,1900
Walton County,05/09/2020,May 09,2297
Walton County,05/16/2020,May 16,1427
Ware County,03/07/2020,Mar 07,15
Ware County,03/14/2020,Mar 14,11
Ware County,03/21/2020,Mar 21,4
Ware County,03/28/2020,Mar 28,180
Ware County,04/04/2020,Apr 04,884
Ware County,04/11/2020,Apr 11,518
Ware County,04/18/2020,Apr 18,702
Ware County,04/25/2020,Apr 25,563
Ware County,05/02/2020,May 02,467
Ware County,05/09/2020,May 09,379
Ware County,05/16/2020,May 16,290
Warren County,03/07/2020,Mar 07,6
Warren County,03/14/2020,Mar 14,5
Warren County,03/21/2020,Mar 21,1
Warren County,03/28/2020,Mar 28,29
Warren County,04/04/2020,Apr 04,96
Warren County,04/11/2020,Apr 11,107
Warren County,04/18/2020,Apr 18,73
Warren County,04/25/2020,Apr 25,135
Warren County,05/02/2020,May 02,106
Warren County,05/09/2020,May 09,101
Warren County,05/16/2020,May 16,79
Washington County,03/07/2020,Mar 07,9
Washington County,03/14/2020,Mar 14,3
Washington County,03/21/2020,Mar 21,11
Washington County,03/28/2020,Mar 28,85
Washington County,04/04/2020,Apr 04,240
Washington County,04/11/2020,Apr 11,249
Washington County,04/18/2020,Apr 18,163
Washington County,04/25/2020,Apr 25,294
Washington County,05/02/2020,May 02,205
Washington County,05/09/2020,May 09,168
Washington County,05/16/2020,May 16,133
Wayne County,03/07/2020,Mar 07,9
Wayne County,03/14/2020,Mar 14,7
Wayne County,03/21/2020,Mar 21,12
Wayne County,03/28/2020,Mar 28,137
Wayne County,04/04/2020,Apr 04,597
Wayne County,04/11/2020,Apr 11,421
Wayne County,04/18/2020,Apr 18,567
Wayne County,04/25/2020,Apr 25,502
Wayne County,05/02/2020,May 02,468
Wayne County,05/09/2020,May 09,414
Wayne County,05/16/2020,May 16,392
Webster County,03/07/2020,Mar 07,1
Webster County,03/14/2020,Mar 14,1
Webster County,03/21/2020,Mar 21,1
Webster County,03/28/2020,Mar 28,5
Webster County,04/04/2020,Apr 04,22
Webster County,04/11/2020,Apr 11,27
Webster County,04/18/2020,Apr 18,16
Webster County,04/25/2020,Apr 25,18
Webster County,05/02/2020,May 02,9
Webster County,05/09/2020,May 09,19
Webster County,05/16/2020,May 16,16
Wheeler County,03/07/2020,Mar 07,3
Wheeler County,03/14/2020,Mar 14,1
Wheeler County,03/21/2020,Mar 21,0
Wheeler County,03/28/2020,Mar 28,11
Wheeler County,04/04/2020,Apr 04,55
Wheeler County,04/11/2020,Apr 11,73
Wheeler County,04/18/2020,Apr 18,54
Wheeler County,04/25/2020,Apr 25,42
Wheeler County,05/02/2020,May 02,41
Wheeler County,05/09/2020,May 09,48
Wheeler County,05/16/2020,May 16,44
White County,03/07/2020,Mar 07,11
White County,03/14/2020,Mar 14,37
White County,03/21/2020,Mar 21,17
White County,03/28/2020,Mar 28,411
White County,04/04/2020,Apr 04,1050
White County,04/11/2020,Apr 11,826
White County,04/18/2020,Apr 18,614
White County,04/25/2020,Apr 25,609
White County,05/02/2020,May 02,470
White County,05/09/2020,May 09,490
White County,05/16/2020,May 16,384
Whitfield County,03/07/2020,Mar 07,87
Whitfield County,03/14/2020,Mar 14,59
Whitfield County,03/21/2020,Mar 21,74
Whitfield County,03/28/2020,Mar 28,980
Whitfield County,04/04/2020,Apr 04,2781
Whitfield County,04/11/2020,Apr 11,3601
Whitfield County,04/18/2020,Apr 18,7215
Whitfield County,04/25/2020,Apr 25,4178
Whitfield County,05/02/2020,May 02,3664
Whitfield County,05/09/2020,May 09,3957
Whitfield County,05/16/2020,May 16,2150
Wilcox County,03/07/2020,Mar 07,4
Wilcox County,03/14/2020,Mar 14,1
Wilcox County,03/21/2020,Mar 21,4
Wilcox County,03/28/2020,Mar 28,18
Wilcox County,04/04/2020,Apr 04,72
Wilcox County,04/11/2020,Apr 11,72
Wilcox County,04/18/2020,Apr 18,67
Wilcox County,04/25/2020,Apr 25,52
Wilcox County,05/02/2020,May 02,52
Wilcox County,05/09/2020,May 09,69
Wilcox County,05/16/2020,May 16,34
Wilkes County,03/07/2020,Mar 07,5
Wilkes County,03/14/2020,Mar 14,6
Wilkes County,03/21/2020,Mar 21,2
Wilkes County,03/28/2020,Mar 28,54
Wilkes County,04/04/2020,Apr 04,99
Wilkes County,04/11/2020,Apr 11,131
Wilkes County,04/18/2020,Apr 18,88
Wilkes County,04/25/2020,Apr 25,119
Wilkes County,05/02/2020,May 02,99
Wilkes County,05/09/2020,May 09,100
Wilkes County,05/16/2020,May 16,66
Wilkinson County,03/07/2020,Mar 07,4
Wilkinson County,03/14/2020,Mar 14,8
Wilkinson County,03/21/2020,Mar 21,2
Wilkinson County,03/28/2020,Mar 28,38
Wilkinson County,04/04/2020,Apr 04,161
Wilkinson County,04/11/2020,Apr 11,129
Wilkinson County,04/18/2020,Apr 18,100
Wilkinson County,04/25/2020,Apr 25,108
Wilkinson County,05/02/2020,May 02,140
Wilkinson County,05/09/2020,May 09,114
Wilkinson County,05/16/2020,May 16,95
Worth County,03/07/2020,Mar 07,14
Worth County,03/14/2020,Mar 14,15
Worth County,03/21/2020,Mar 21,8
Worth County,03/28/2020,Mar 28,111
Worth County,04/04/2020,Apr 04,382
Worth County,04/11/2020,Apr 11,227
Worth County,04/18/2020,Apr 18,281
Worth County,04/25/2020,Apr 25,259
Worth County,05/02/2020,May 02,228
Worth County,05/09/2020,May 09,207
Worth County,05/16/2020,May 16,179
ARC,03/07/2020,Mar 07,1803
ARC,03/14/2020,Mar 14,2087
ARC,03/21/2020,Mar 21,6901
ARC,03/28/2020,Mar 28,72537
ARC,04/04/2020,Apr 04,201429
ARC,04/11/2020,Apr 11,147089
ARC,04/18/2020,Apr 18,114173
ARC,04/25/2020,Apr 25,134560
ARC,05/02/2020,May 02,114508
ARC,05/09/2020,May 09,126416
ARC,05/16/2020,May 16,91526
CSRA,03/07/2020,Mar 07,274
CSRA,03/14/2020,Mar 14,201
CSRA,03/21/2020,Mar 21,259
CSRA,03/28/2020,Mar 28,3759
CSRA,04/04/2020,Apr 04,11668
CSRA,04/11/2020,Apr 11,10004
CSRA,04/18/2020,Apr 18,7500
CSRA,04/25/2020,Apr 25,8656
CSRA,05/02/2020,May 02,7208
CSRA,05/09/2020,May 09,6974
CSRA,05/16/2020,May 16,5078
Coastal,03/07/2020,Mar 07,325
Coastal,03/14/2020,Mar 14,282
Coastal,03/21/2020,Mar 21,733
Coastal,03/28/2020,Mar 28,9701
Coastal,04/04/2020,Apr 04,29541
Coastal,04/11/2020,Apr 11,21038
Coastal,04/18/2020,Apr 18,17569
Coastal,04/25/2020,Apr 25,17641
Coastal,05/02/2020,May 02,16757
Coastal,05/09/2020,May 09,17279
Coastal,05/16/2020,May 16,12666
Georgia Mountains,03/07/2020,Mar 07,213
Georgia Mountains,03/14/2020,Mar 14,485
Georgia Mountains,03/21/2020,Mar 21,522
Georgia Mountains,03/28/2020,Mar 28,7131
Georgia Mountains,04/04/2020,Apr 04,22258
Georgia Mountains,04/11/2020,Apr 11,15902
Georgia Mountains,04/18/2020,Apr 18,14568
Georgia Mountains,04/25/2020,Apr 25,15728
Georgia Mountains,05/02/2020,May 02,13673
Georgia Mountains,05/09/2020,May 09,13250
Georgia Mountains,05/16/2020,May 16,10391
Heart of Georgia,03/07/2020,Mar 07,159
Heart of Georgia,03/14/2020,Mar 14,208
Heart of Georgia,03/21/2020,Mar 21,152
Heart of Georgia,03/28/2020,Mar 28,1490
Heart of Georgia,04/04/2020,Apr 04,4899
Heart of Georgia,04/11/2020,Apr 11,4848
Heart of Georgia,04/18/2020,Apr 18,4446
Heart of Georgia,04/25/2020,Apr 25,4003
Heart of Georgia,05/02/2020,May 02,3427
Heart of Georgia,05/09/2020,May 09,3570
Heart of Georgia,05/16/2020,May 16,3031
Middle Georgia,03/07/2020,Mar 07,175
Middle Georgia,03/14/2020,Mar 14,189
Middle Georgia,03/21/2020,Mar 21,349
Middle Georgia,03/28/2020,Mar 28,4947
Middle Georgia,04/04/2020,Apr 04,13166
Middle Georgia,04/11/2020,Apr 11,11347
Middle Georgia,04/18/2020,Apr 18,8144
Middle Georgia,04/25/2020,Apr 25,9301
Middle Georgia,05/02/2020,May 02,7833
Middle Georgia,05/09/2020,May 09,8409
Middle Georgia,05/16/2020,May 16,6142
Northeast,03/07/2020,Mar 07,204
Northeast,03/14/2020,Mar 14,316
Northeast,03/21/2020,Mar 21,785
Northeast,03/28/2020,Mar 28,8011
Northeast,04/04/2020,Apr 04,20032
Northeast,04/11/2020,Apr 11,17546
Northeast,04/18/2020,Apr 18,14403
Northeast,04/25/2020,Apr 25,15482
Northeast,05/02/2020,May 02,12325
Northeast,05/09/2020,May 09,13887
Northeast,05/16/2020,May 16,10351
Northwest,03/07/2020,Mar 07,447
Northwest,03/14/2020,Mar 14,478
Northwest,03/21/2020,Mar 21,859
Northwest,03/28/2020,Mar 28,8371
Northwest,04/04/2020,Apr 04,27968
Northwest,04/11/2020,Apr 11,25845
Northwest,04/18/2020,Apr 18,28439
Northwest,04/25/2020,Apr 25,21873
Northwest,05/02/2020,May 02,18260
Northwest,05/09/2020,May 09,20704
Northwest,05/16/2020,May 16,12654
River Valley,03/07/2020,Mar 07,150
River Valley,03/14/2020,Mar 14,241
River Valley,03/21/2020,Mar 21,184
River Valley,03/28/2020,Mar 28,3465
River Valley,04/04/2020,Apr 04,9743
River Valley,04/11/2020,Apr 11,8101
River Valley,04/18/2020,Apr 18,6250
River Valley,04/25/2020,Apr 25,6905
River Valley,05/02/2020,May 02,5703
River Valley,05/09/2020,May 09,6260
River Valley,05/16/2020,May 16,4821
Southern,03/07/2020,Mar 07,254
Southern,03/14/2020,Mar 14,207
Southern,03/21/2020,Mar 21,225
Southern,03/28/2020,Mar 28,2775
Southern,04/04/2020,Apr 04,10628
Southern,04/11/2020,Apr 11,9907
Southern,04/18/2020,Apr 18,9339
Southern,04/25/2020,Apr 25,9142
Southern,05/02/2020,May 02,7660
Southern,05/09/2020,May 09,7121
Southern,05/16/2020,May 16,5770
Southwest,03/07/2020,Mar 07,161
Southwest,03/14/2020,Mar 14,237
Southwest,03/21/2020,Mar 21,210
Southwest,03/28/2020,Mar 28,2962
Southwest,04/04/2020,Apr 04,8546
Southwest,04/11/2020,Apr 11,6529
Southwest,04/18/2020,Apr 18,5829
Southwest,04/25/2020,Apr 25,6666
Southwest,05/02/2020,May 02,5302
Southwest,05/09/2020,May 09,5254
Southwest,05/16/2020,May 16,4510
Three Rivers,03/07/2020,Mar 07,236
Three Rivers,03/14/2020,Mar 14,317
Three Rivers,03/21/2020,Mar 21,528
Three Rivers,03/28/2020,Mar 28,5395
Three Rivers,04/04/2020,Apr 04,17227
Three Rivers,04/11/2020,Apr 11,15879
Three Rivers,04/18/2020,Apr 18,12660
Three Rivers,04/25/2020,Apr 25,12658
Three Rivers,05/02/2020,May 02,12138
Three Rivers,05/09/2020,May 09,10968
Three Rivers,05/16/2020,May 16,8387
"Albany, GA",03/07/2020,Mar 07,79
"Albany, GA",03/14/2020,Mar 14,158
"Albany, GA",03/21/2020,Mar 21,103
"Albany, GA",03/28/2020,Mar 28,1832
"Albany, GA",04/04/2020,Apr 04,4637
"Albany, GA",04/11/2020,Apr 11,3454
"Albany, GA",04/18/2020,Apr 18,2997
"Albany, GA",04/25/2020,Apr 25,3724
"Albany, GA",05/02/2020,May 02,2709
"Albany, GA",05/09/2020,May 09,2803
"Albany, GA",05/16/2020,May 16,2310
"Americus, GA",03/07/2020,Mar 07,14
"Americus, GA",03/14/2020,Mar 14,41
"Americus, GA",03/21/2020,Mar 21,17
"Americus, GA",03/28/2020,Mar 28,147
"Americus, GA",04/04/2020,Apr 04,618
"Americus, GA",04/11/2020,Apr 11,525
"Americus, GA",04/18/2020,Apr 18,481
"Americus, GA",04/25/2020,Apr 25,467
"Americus, GA",05/02/2020,May 02,361
"Americus, GA",05/09/2020,May 09,354
"Americus, GA",05/16/2020,May 16,338
"Athens-Clarke County, GA",03/07/2020,Mar 07,46
"Athens-Clarke County, GA",03/14/2020,Mar 14,82
"Athens-Clarke County, GA",03/21/2020,Mar 21,380
"Athens-Clarke County, GA",03/28/2020,Mar 28,3395
"Athens-Clarke County, GA",04/04/2020,Apr 04,6055
"Athens-Clarke County, GA",04/11/2020,Apr 11,5274
"Athens-Clarke County, GA",04/18/2020,Apr 18,4526
"Athens-Clarke County, GA",04/25/2020,Apr 25,4934
"Athens-Clarke County, GA",05/02/2020,May 02,3539
"Athens-Clarke County, GA",05/09/2020,May 09,4550
"Athens-Clarke County, GA",05/16/2020,May 16,3220
"Atlanta-Sandy Springs-Alpharetta, GA",03/07/2020,Mar 07,2277
"Atlanta-Sandy Springs-Alpharetta, GA",03/14/2020,Mar 14,2745
"Atlanta-Sandy Springs-Alpharetta, GA",03/21/2020,Mar 21,8288
"Atlanta-Sandy Springs-Alpharetta, GA",03/28/2020,Mar 28,87381
"Atlanta-Sandy Springs-Alpharetta, GA",04/04/2020,Apr 04,246205
"Atlanta-Sandy Springs-Alpharetta, GA",04/11/2020,Apr 11,182531
"Atlanta-Sandy Springs-Alpharetta, GA",04/18/2020,Apr 18,144549
"Atlanta-Sandy Springs-Alpharetta, GA",04/25/2020,Apr 25,166303
"Atlanta-Sandy Springs-Alpharetta, GA",05/02/2020,May 02,142491
"Atlanta-Sandy Springs-Alpharetta, GA",05/09/2020,May 09,154382
"Atlanta-Sandy Springs-Alpharetta, GA",05/16/2020,May 16,112054
"Augusta-Richmond County, GA-SC",03/07/2020,Mar 07,225
"Augusta-Richmond County, GA-SC",03/14/2020,Mar 14,160
"Augusta-Richmond County, GA-SC",03/21/2020,Mar 21,225
"Augusta-Richmond County, GA-SC",03/28/2020,Mar 28,3426
"Augusta-Richmond County, GA-SC",04/04/2020,Apr 04,10665
"Augusta-Richmond County, GA-SC",04/11/2020,Apr 11,8878
"Augusta-Richmond County, GA-SC",04/18/2020,Apr 18,6686
"Augusta-Richmond County, GA-SC",04/25/2020,Apr 25,7534
"Augusta-Richmond County, GA-SC",05/02/2020,May 02,6243
"Augusta-Richmond County, GA-SC",05/09/2020,May 09,6119
"Augusta-Richmond County, GA-SC",05/16/2020,May 16,4405
"Bainbridge, GA",03/07/2020,Mar 07,7
"Bainbridge, GA",03/14/2020,Mar 14,11
"Bainbridge, GA",03/21/2020,Mar 21,25
"Bainbridge, GA",03/28/2020,Mar 28,121
"Bainbridge, GA",04/04/2020,Apr 04,630
"Bainbridge, GA",04/11/2020,Apr 11,371
"Bainbridge, GA",04/18/2020,Apr 18,472
"Bainbridge, GA",04/25/2020,Apr 25,428
"Bainbridge, GA",05/02/2020,May 02,356
"Bainbridge, GA",05/09/2020,May 09,338
"Bainbridge, GA",05/16/2020,May 16,304
"Brunswick, GA",03/07/2020,Mar 07,37
"Brunswick, GA",03/14/2020,Mar 14,50
"Brunswick, GA",03/21/2020,Mar 21,68
"Brunswick, GA",03/28/2020,Mar 28,1282
"Brunswick, GA",04/04/2020,Apr 04,5073
"Brunswick, GA",04/11/2020,Apr 11,3690
"Brunswick, GA",04/18/2020,Apr 18,2468
"Brunswick, GA",04/25/2020,Apr 25,2719
"Brunswick, GA",05/02/2020,May 02,2202
"Brunswick, GA",05/09/2020,May 09,3483
"Brunswick, GA",05/16/2020,May 16,1750
"Calhoun, GA",03/07/2020,Mar 07,45
"Calhoun, GA",03/14/2020,Mar 14,53
"Calhoun, GA",03/21/2020,Mar 21,51
"Calhoun, GA",03/28/2020,Mar 28,463
"Calhoun, GA",04/04/2020,Apr 04,1706
"Calhoun, GA",04/11/2020,Apr 11,1915
"Calhoun, GA",04/18/2020,Apr 18,2194
"Calhoun, GA",04/25/2020,Apr 25,1766
"Calhoun, GA",05/02/2020,May 02,1408
"Calhoun, GA",05/09/2020,May 09,1768
"Calhoun, GA",05/16/2020,May 16,992
"Cedartown, GA",03/07/2020,Mar 07,28
"Cedartown, GA",03/14/2020,Mar 14,62
"Cedartown, GA",03/21/2020,Mar 21,73
"Cedartown, GA",03/28/2020,Mar 28,314
"Cedartown, GA",04/04/2020,Apr 04,1572
"Cedartown, GA",04/11/2020,Apr 11,932
"Cedartown, GA",04/18/2020,Apr 18,1145
"Cedartown, GA",04/25/2020,Apr 25,945
"Cedartown, GA",05/02/2020,May 02,759
"Cedartown, GA",05/09/2020,May 09,862
"Cedartown, GA",05/16/2020,May 16,555
"Chattanooga, TN-GA",03/07/2020,Mar 07,26
"Chattanooga, TN-GA",03/14/2020,Mar 14,27
"Chattanooga, TN-GA",03/21/2020,Mar 21,52
"Chattanooga, TN-GA",03/28/2020,Mar 28,715
"Chattanooga, TN-GA",04/04/2020,Apr 04,2637
"Chattanooga, TN-GA",04/11/2020,Apr 11,3185
"Chattanooga, TN-GA",04/18/2020,Apr 18,2192
"Chattanooga, TN-GA",04/25/2020,Apr 25,2206
"Chattanooga, TN-GA",05/02/2020,May 02,1649
"Chattanooga, TN-GA",05/09/2020,May 09,1693
"Chattanooga, TN-GA",05/16/2020,May 16,1271
"Columbus, GA-AL",03/07/2020,Mar 07,89
"Columbus, GA-AL",03/14/2020,Mar 14,146
"Columbus, GA-AL",03/21/2020,Mar 21,136
"Columbus, GA-AL",03/28/2020,Mar 28,2756
"Columbus, GA-AL",04/04/2020,Apr 04,7407
"Columbus, GA-AL",04/11/2020,Apr 11,5890
"Columbus, GA-AL",04/18/2020,Apr 18,4453
"Columbus, GA-AL",04/25/2020,Apr 25,5060
"Columbus, GA-AL",05/02/2020,May 02,4215
"Columbus, GA-AL",05/09/2020,May 09,4800
"Columbus, GA-AL",05/16/2020,May 16,3600
"Cordele, GA",03/07/2020,Mar 07,24
"Cordele, GA",03/14/2020,Mar 14,26
"Cordele, GA",03/21/2020,Mar 21,15
"Cordele, GA",03/28/2020,Mar 28,251
"Cordele, GA",04/04/2020,Apr 04,795
"Cordele, GA",04/11/2020,Apr 11,662
"Cordele, GA",04/18/2020,Apr 18,578
"Cordele, GA",04/25/2020,Apr 25,615
"Cordele, GA",05/02/2020,May 02,533
"Cordele, GA",05/09/2020,May 09,582
"Cordele, GA",05/16/2020,May 16,450
"Cornelia, GA",03/07/2020,Mar 07,17
"Cornelia, GA",03/14/2020,Mar 14,174
"Cornelia, GA",03/21/2020,Mar 21,42
"Cornelia, GA",03/28/2020,Mar 28,381
"Cornelia, GA",04/04/2020,Apr 04,1145
"Cornelia, GA",04/11/2020,Apr 11,782
"Cornelia, GA",04/18/2020,Apr 18,850
"Cornelia, GA",04/25/2020,Apr 25,715
"Cornelia, GA",05/02/2020,May 02,556
"Cornelia, GA",05/09/2020,May 09,622
"Cornelia, GA",05/16/2020,May 16,468
"Dalton, GA",03/07/2020,Mar 07,127
"Dalton, GA",03/14/2020,Mar 14,91
"Dalton, GA",03/21/2020,Mar 21,95
"Dalton, GA",03/28/2020,Mar 28,1284
"Dalton, GA",04/04/2020,Apr 04,3651
"Dalton, GA",04/11/2020,Apr 11,4878
"Dalton, GA",04/18/2020,Apr 18,9490
"Dalton, GA",04/25/2020,Apr 25,5454
"Dalton, GA",05/02/2020,May 02,4815
"Dalton, GA",05/09/2020,May 09,5298
"Dalton, GA",05/16/2020,May 16,2982
"Douglas, GA",03/07/2020,Mar 07,75
"Douglas, GA",03/14/2020,Mar 14,73
"Douglas, GA",03/21/2020,Mar 21,41
"Douglas, GA",03/28/2020,Mar 28,468
"Douglas, GA",04/04/2020,Apr 04,1717
"Douglas, GA",04/11/2020,Apr 11,1445
"Douglas, GA",04/18/2020,Apr 18,1621
"Douglas, GA",04/25/2020,Apr 25,1654
"Douglas, GA",05/02/2020,May 02,1299
"Douglas, GA",05/09/2020,May 09,1222
"Douglas, GA",05/16/2020,May 16,861
"Dublin, GA",03/07/2020,Mar 07,37
"Dublin, GA",03/14/2020,Mar 14,76
"Dublin, GA",03/21/2020,Mar 21,24
"Dublin, GA",03/28/2020,Mar 28,537
"Dublin, GA",04/04/2020,Apr 04,1336
"Dublin, GA",04/11/2020,Apr 11,1150
"Dublin, GA",04/18/2020,Apr 18,1203
"Dublin, GA",04/25/2020,Apr 25,858
"Dublin, GA",05/02/2020,May 02,717
"Dublin, GA",05/09/2020,May 09,840
"Dublin, GA",05/16/2020,May 16,647
"Eufaula, AL-GA",03/07/2020,Mar 07,0
"Eufaula, AL-GA",03/14/2020,Mar 14,1
"Eufaula, AL-GA",03/21/2020,Mar 21,0
"Eufaula, AL-GA",03/28/2020,Mar 28,2
"Eufaula, AL-GA",04/04/2020,Apr 04,8
"Eufaula, AL-GA",04/11/2020,Apr 11,6
"Eufaula, AL-GA",04/18/2020,Apr 18,8
"Eufaula, AL-GA",04/25/2020,Apr 25,18
"Eufaula, AL-GA",05/02/2020,May 02,8
"Eufaula, AL-GA",05/09/2020,May 09,9
"Eufaula, AL-GA",05/16/2020,May 16,6
"Fitzgerald, GA",03/07/2020,Mar 07,10
"Fitzgerald, GA",03/14/2020,Mar 14,8
"Fitzgerald, GA",03/21/2020,Mar 21,44
"Fitzgerald, GA",03/28/2020,Mar 28,129
"Fitzgerald, GA",04/04/2020,Apr 04,435
"Fitzgerald, GA",04/11/2020,Apr 11,1008
"Fitzgerald, GA",04/18/2020,Apr 18,997
"Fitzgerald, GA",04/25/2020,Apr 25,1015
"Fitzgerald, GA",05/02/2020,May 02,489
"Fitzgerald, GA",05/09/2020,May 09,559
"Fitzgerald, GA",05/16/2020,May 16,410
"Gainesville, GA",03/07/2020,Mar 07,54
"Gainesville, GA",03/14/2020,Mar 14,94
"Gainesville, GA",03/21/2020,Mar 21,130
"Gainesville, GA",03/28/2020,Mar 28,1992
"Gainesville, GA",04/04/2020,Apr 04,7087
"Gainesville, GA",04/11/2020,Apr 11,4688
"Gainesville, GA",04/18/2020,Apr 18,4518
"Gainesville, GA",04/25/2020,Apr 25,4402
"Gainesville, GA",05/02/2020,May 02,4332
"Gainesville, GA",05/09/2020,May 09,3777
"Gainesville, GA",05/16/2020,May 16,2835
"Hinesville, GA",03/07/2020,Mar 07,29
"Hinesville, GA",03/14/2020,Mar 14,37
"Hinesville, GA",03/21/2020,Mar 21,41
"Hinesville, GA",03/28/2020,Mar 28,491
"Hinesville, GA",04/04/2020,Apr 04,1922
"Hinesville, GA",04/11/2020,Apr 11,1438
"Hinesville, GA",04/18/2020,Apr 18,1238
"Hinesville, GA",04/25/2020,Apr 25,1461
"Hinesville, GA",05/02/2020,May 02,1475
"Hinesville, GA",05/09/2020,May 09,1471
"Hinesville, GA",05/16/2020,May 16,1014
"Jefferson, GA",03/07/2020,Mar 07,23
"Jefferson, GA",03/14/2020,Mar 14,39
"Jefferson, GA",03/21/2020,Mar 21,55
"Jefferson, GA",03/28/2020,Mar 28,746
"Jefferson, GA",04/04/2020,Apr 04,2354
"Jefferson, GA",04/11/2020,Apr 11,1915
"Jefferson, GA",04/18/2020,Apr 18,1982
"Jefferson, GA",04/25/2020,Apr 25,1833
"Jefferson, GA",05/02/2020,May 02,1779
"Jefferson, GA",05/09/2020,May 09,1545
"Jefferson, GA",05/16/2020,May 16,1468
"Jesup, GA",03/07/2020,Mar 07,9
"Jesup, GA",03/14/2020,Mar 14,7
"Jesup, GA",03/21/2020,Mar 21,12
"Jesup, GA",03/28/2020,Mar 28,137
"Jesup, GA",04/04/2020,Apr 04,597
"Jesup, GA",04/11/2020,Apr 11,421
"Jesup, GA",04/18/2020,Apr 18,567
"Jesup, GA",04/25/2020,Apr 25,502
"Jesup, GA",05/02/2020,May 02,468
"Jesup, GA",05/09/2020,May 09,414
"Jesup, GA",05/16/2020,May 16,392
"LaGrange, GA-AL",03/07/2020,Mar 07,37
"LaGrange, GA-AL",03/14/2020,Mar 14,34
"LaGrange, GA-AL",03/21/2020,Mar 21,46
"LaGrange, GA-AL",03/28/2020,Mar 28,725
"LaGrange, GA-AL",04/04/2020,Apr 04,2233
"LaGrange, GA-AL",04/11/2020,Apr 11,3358
"LaGrange, GA-AL",04/18/2020,Apr 18,2496
"LaGrange, GA-AL",04/25/2020,Apr 25,2667
"LaGrange, GA-AL",05/02/2020,May 02,1597
"LaGrange, GA-AL",05/09/2020,May 09,1725
"LaGrange, GA-AL",05/16/2020,May 16,1314
"Macon-Bibb County, GA",03/07/2020,Mar 07,81
"Macon-Bibb County, GA",03/14/2020,Mar 14,108
"Macon-Bibb County, GA",03/21/2020,Mar 21,181
"Macon-Bibb County, GA",03/28/2020,Mar 28,2342
"Macon-Bibb County, GA",04/04/2020,Apr 04,6270
"Macon-Bibb County, GA",04/11/2020,Apr 11,5226
"Macon-Bibb County, GA",04/18/2020,Apr 18,3700
"Macon-Bibb County, GA",04/25/2020,Apr 25,4560
"Macon-Bibb County, GA",05/02/2020,May 02,3729
"Macon-Bibb County, GA",05/09/2020,May 09,4172
"Macon-Bibb County, GA",05/16/2020,May 16,3157
"Milledgeville, GA",03/07/2020,Mar 07,21
"Milledgeville, GA",03/14/2020,Mar 14,21
"Milledgeville, GA",03/21/2020,Mar 21,16
"Milledgeville, GA",03/28/2020,Mar 28,500
"Milledgeville, GA",04/04/2020,Apr 04,1210
"Milledgeville, GA",04/11/2020,Apr 11,1076
"Milledgeville, GA",04/18/2020,Apr 18,850
"Milledgeville, GA",04/25/2020,Apr 25,957
"Milledgeville, GA",05/02/2020,May 02,1046
"Milledgeville, GA",05/09/2020,May 09,790
"Milledgeville, GA",05/16/2020,May 16,648
"Moultrie, GA",03/07/2020,Mar 07,35
"Moultrie, GA",03/14/2020,Mar 14,21
"Moultrie, GA",03/21/2020,Mar 21,22
"Moultrie, GA",03/28/2020,Mar 28,224
"Moultrie, GA",04/04/2020,Apr 04,959
"Moultrie, GA",04/11/2020,Apr 11,786
"Moultrie, GA",04/18/2020,Apr 18,686
"Moultrie, GA",04/25/2020,Apr 25,698
"Moultrie, GA",05/02/2020,May 02,706
"Moultrie, GA",05/09/2020,May 09,617
"Moultrie, GA",05/16/2020,May 16,519
"Rome, GA",03/07/2020,Mar 07,62
"Rome, GA",03/14/2020,Mar 14,45
"Rome, GA",03/21/2020,Mar 21,100
"Rome, GA",03/28/2020,Mar 28,1044
"Rome, GA",04/04/2020,Apr 04,3865
"Rome, GA",04/11/2020,Apr 11,3142
"Rome, GA",04/18/2020,Apr 18,2898
"Rome, GA",04/25/2020,Apr 25,2218
"Rome, GA",05/02/2020,May 02,1906
"Rome, GA",05/09/2020,May 09,2138
"Rome, GA",05/16/2020,May 16,1409
"Savannah, GA",03/07/2020,Mar 07,133
"Savannah, GA",03/14/2020,Mar 14,146
"Savannah, GA",03/21/2020,Mar 21,508
"Savannah, GA",03/28/2020,Mar 28,6821
"Savannah, GA",04/04/2020,Apr 04,18817
"Savannah, GA",04/11/2020,Apr 11,13014
"Savannah, GA",04/18/2020,Apr 18,11322
"Savannah, GA",04/25/2020,Apr 25,11070
"Savannah, GA",05/02/2020,May 02,10535
"Savannah, GA",05/09/2020,May 09,9778
"Savannah, GA",05/16/2020,May 16,7897
"St. Marys, GA",03/07/2020,Mar 07,10
"St. Marys, GA",03/14/2020,Mar 14,10
"St. Marys, GA",03/21/2020,Mar 21,21
"St. Marys, GA",03/28/2020,Mar 28,384
"St. Marys, GA",04/04/2020,Apr 04,1264
"St. Marys, GA",04/11/2020,Apr 11,774
"St. Marys, GA",04/18/2020,Apr 18,772
"St. Marys, GA",04/25/2020,Apr 25,778
"St. Marys, GA",05/02/2020,May 02,777
"St. Marys, GA",05/09/2020,May 09,805
"St. Marys, GA",05/16/2020,May 16,526
"Statesboro, GA",03/07/2020,Mar 07,111
"Statesboro, GA",03/14/2020,Mar 14,42
"Statesboro, GA",03/21/2020,Mar 21,86
"Statesboro, GA",03/28/2020,Mar 28,736
"Statesboro, GA",04/04/2020,Apr 04,2633
"Statesboro, GA",04/11/2020,Apr 11,2078
"Statesboro, GA",04/18/2020,Apr 18,1675
"Statesboro, GA",04/25/2020,Apr 25,1687
"Statesboro, GA",05/02/2020,May 02,1759
"Statesboro, GA",05/09/2020,May 09,1721
"Statesboro, GA",05/16/2020,May 16,1472
"Summerville, GA",03/07/2020,Mar 07,18
"Summerville, GA",03/14/2020,Mar 14,10
"Summerville, GA",03/21/2020,Mar 21,16
"Summerville, GA",03/28/2020,Mar 28,98
"Summerville, GA",04/04/2020,Apr 04,799
"Summerville, GA",04/11/2020,Apr 11,1700
"Summerville, GA",04/18/2020,Apr 18,676
"Summerville, GA",04/25/2020,Apr 25,544
"Summerville, GA",05/02/2020,May 02,370
"Summerville, GA",05/09/2020,May 09,751
"Summerville, GA",05/16/2020,May 16,433
"Thomaston, GA",03/07/2020,Mar 07,14
"Thomaston, GA",03/14/2020,Mar 14,16
"Thomaston, GA",03/21/2020,Mar 21,15
"Thomaston, GA",03/28/2020,Mar 28,120
"Thomaston, GA",04/04/2020,Apr 04,844
"Thomaston, GA",04/11/2020,Apr 11,703
"Thomaston, GA",04/18/2020,Apr 18,562
"Thomaston, GA",04/25/2020,Apr 25,574
"Thomaston, GA",05/02/2020,May 02,582
"Thomaston, GA",05/09/2020,May 09,446
"Thomaston, GA",05/16/2020,May 16,387
"Thomasville, GA",03/07/2020,Mar 07,13
"Thomasville, GA",03/14/2020,Mar 14,13
"Thomasville, GA",03/21/2020,Mar 21,19
"Thomasville, GA",03/28/2020,Mar 28,392
"Thomasville, GA",04/04/2020,Apr 04,989
"Thomasville, GA",04/11/2020,Apr 11,716
"Thomasville, GA",04/18/2020,Apr 18,783
"Thomasville, GA",04/25/2020,Apr 25,719
"Thomasville, GA",05/02/2020,May 02,623
"Thomasville, GA",05/09/2020,May 09,541
"Thomasville, GA",05/16/2020,May 16,548
"Tifton, GA",03/07/2020,Mar 07,16
"Tifton, GA",03/14/2020,Mar 14,19
"Tifton, GA",03/21/2020,Mar 21,12
"Tifton, GA",03/28/2020,Mar 28,444
"Tifton, GA",04/04/2020,Apr 04,1170
"Tifton, GA",04/11/2020,Apr 11,792
"Tifton, GA",04/18/2020,Apr 18,841
"Tifton, GA",04/25/2020,Apr 25,823
"Tifton, GA",05/02/2020,May 02,748
"Tifton, GA",05/09/2020,May 09,627
"Tifton, GA",05/16/2020,May 16,508
"Toccoa, GA",03/07/2020,Mar 07,10
"Toccoa, GA",03/14/2020,Mar 14,20
"Toccoa, GA",03/21/2020,Mar 21,11
"Toccoa, GA",03/28/2020,Mar 28,150
"Toccoa, GA",04/04/2020,Apr 04,677
"Toccoa, GA",04/11/2020,Apr 11,533
"Toccoa, GA",04/18/2020,Apr 18,634
"Toccoa, GA",04/25/2020,Apr 25,527
"Toccoa, GA",05/02/2020,May 02,599
"Toccoa, GA",05/09/2020,May 09,494
"Toccoa, GA",05/16/2020,May 16,372
"Valdosta, GA",03/07/2020,Mar 07,44
"Valdosta, GA",03/14/2020,Mar 14,40
"Valdosta, GA",03/21/2020,Mar 21,63
"Valdosta, GA",03/28/2020,Mar 28,857
"Valdosta, GA",04/04/2020,Apr 04,3862
"Valdosta, GA",04/11/2020,Apr 11,3503
"Valdosta, GA",04/18/2020,Apr 18,2566
"Valdosta, GA",04/25/2020,Apr 25,2749
"Valdosta, GA",05/02/2020,May 02,2513
"Valdosta, GA",05/09/2020,May 09,2310
"Valdosta, GA",05/16/2020,May 16,2014
"Vidalia, GA",03/07/2020,Mar 07,23
"Vidalia, GA",03/14/2020,Mar 14,24
"Vidalia, GA",03/21/2020,Mar 21,24
"Vidalia, GA",03/28/2020,Mar 28,209
"Vidalia, GA",04/04/2020,Apr 04,681
"Vidalia, GA",04/11/2020,Apr 11,1002
"Vidalia, GA",04/18/2020,Apr 18,887
"Vidalia, GA",04/25/2020,Apr 25,734
"Vidalia, GA",05/02/2020,May 02,589
"Vidalia, GA",05/09/2020,May 09,527
"Vidalia, GA",05/16/2020,May 16,473
"Warner Robins, GA",03/07/2020,Mar 07,61
"Warner Robins, GA",03/14/2020,Mar 14,49
"Warner Robins, GA",03/21/2020,Mar 21,139
"Warner Robins, GA",03/28/2020,Mar 28,1847
"Warner Robins, GA",04/04/2020,Apr 04,4870
"Warner Robins, GA",04/11/2020,Apr 11,4312
"Warner Robins, GA",04/18/2020,Apr 18,3122
"Warner Robins, GA",04/25/2020,Apr 25,3317
"Warner Robins, GA",05/02/2020,May 02,2593
"Warner Robins, GA",05/09/2020,May 09,3009
"Warner Robins, GA",05/16/2020,May 16,2004
"Waycross, GA",03/07/2020,Mar 07,19
"Waycross, GA",03/14/2020,Mar 14,22
"Waycross, GA",03/21/2020,Mar 21,10
"Waycross, GA",03/28/2020,Mar 28,261
"Waycross, GA",04/04/2020,Apr 04,1270
"Waycross, GA",04/11/2020,Apr 11,762
"Waycross, GA",04/18/2020,Apr 18,1144
"Waycross, GA",04/25/2020,Apr 25,858
"Waycross, GA",05/02/2020,May 02,791
"Waycross, GA",05/09/2020,May 09,611
"Waycross, GA",05/16/2020,May 16,527
