area_code,County,Month,Claims
13001,Appling County,Mar,159
13001,Appling County,Apr,1214
13001,Appling County,May,981
13001,Appling County,Jun,508
13001,Appling County,Jul,449
13001,Appling County,Aug,315
13001,Appling County,Sep,231
13001,Appling County,Oct,362
13001,Appling County,Nov,34
13003,Atkinson County,Mar,346
13003,Atkinson County,Apr,3405
13003,Atkinson County,May,2675
13003,Atkinson County,Jun,1473
13003,Atkinson County,Jul,1264
13003,Atkinson County,Aug,832
13003,Atkinson County,Sep,576
13003,Atkinson County,Oct,667
13003,Atkinson County,Nov,83
13005,Bacon County,Mar,117
13005,Bacon County,Apr,765
13005,Bacon County,May,786
13005,Bacon County,Jun,437
13005,Bacon County,Jul,390
13005,Bacon County,Aug,325
13005,Bacon County,Sep,193
13005,Bacon County,Oct,245
13005,Bacon County,Nov,25
13007,Baker County,Mar,31
13007,Baker County,Apr,243
13007,Baker County,May,208
13007,Baker County,Jun,95
13007,Baker County,Jul,107
13007,Baker County,Aug,67
13007,Baker County,Sep,38
13007,Baker County,Oct,41
13007,Baker County,Nov,6
13009,Baldwin County,Mar,518
13009,Baldwin County,Apr,3600
13009,Baldwin County,May,3143
13009,Baldwin County,Jun,1508
13009,Baldwin County,Jul,1271
13009,Baldwin County,Aug,862
13009,Baldwin County,Sep,597
13009,Baldwin County,Oct,766
13009,Baldwin County,Nov,71
13011,Banks County,Mar,211
13011,Banks County,Apr,2071
13011,Banks County,May,1848
13011,Banks County,Jun,808
13011,Banks County,Jul,742
13011,Banks County,Aug,553
13011,Banks County,Sep,426
13011,Banks County,Oct,442
13011,Banks County,Nov,56
13013,Barrow County,Mar,1070
13013,Barrow County,Apr,9851
13013,Barrow County,May,7237
13013,Barrow County,Jun,3350
13013,Barrow County,Jul,2731
13013,Barrow County,Aug,1842
13013,Barrow County,Sep,1305
13013,Barrow County,Oct,1464
13013,Barrow County,Nov,135
13015,Bartow County,Mar,1709
13015,Bartow County,Apr,15015
13015,Bartow County,May,10449
13015,Bartow County,Jun,4769
13015,Bartow County,Jul,4584
13015,Bartow County,Aug,3038
13015,Bartow County,Sep,1776
13015,Bartow County,Oct,2707
13015,Bartow County,Nov,338
13017,Ben Hill County,Mar,191
13017,Ben Hill County,Apr,3455
13017,Ben Hill County,May,2502
13017,Ben Hill County,Jun,1508
13017,Ben Hill County,Jul,1233
13017,Ben Hill County,Aug,596
13017,Ben Hill County,Sep,377
13017,Ben Hill County,Oct,531
13017,Ben Hill County,Nov,45
13019,Berrien County,Mar,157
13019,Berrien County,Apr,1832
13019,Berrien County,May,1266
13019,Berrien County,Jun,615
13019,Berrien County,Jul,565
13019,Berrien County,Aug,392
13019,Berrien County,Sep,286
13019,Berrien County,Oct,308
13019,Berrien County,Nov,32
13021,Bibb County,Mar,2070
13021,Bibb County,Apr,14967
13021,Bibb County,May,12536
13021,Bibb County,Jun,7524
13021,Bibb County,Jul,8146
13021,Bibb County,Aug,5049
13021,Bibb County,Sep,3456
13021,Bibb County,Oct,3921
13021,Bibb County,Nov,321
13023,Bleckley County,Mar,80
13023,Bleckley County,Apr,654
13023,Bleckley County,May,547
13023,Bleckley County,Jun,327
13023,Bleckley County,Jul,288
13023,Bleckley County,Aug,190
13023,Bleckley County,Sep,131
13023,Bleckley County,Oct,195
13023,Bleckley County,Nov,16
13025,Brantley County,Mar,103
13025,Brantley County,Apr,1403
13025,Brantley County,May,1262
13025,Brantley County,Jun,521
13025,Brantley County,Jul,412
13025,Brantley County,Aug,331
13025,Brantley County,Sep,234
13025,Brantley County,Oct,272
13025,Brantley County,Nov,45
13027,Brooks County,Mar,72
13027,Brooks County,Apr,807
13027,Brooks County,May,947
13027,Brooks County,Jun,725
13027,Brooks County,Jul,760
13027,Brooks County,Aug,388
13027,Brooks County,Sep,248
13027,Brooks County,Oct,274
13027,Brooks County,Nov,25
13029,Bryan County,Mar,456
13029,Bryan County,Apr,5032
13029,Bryan County,May,3594
13029,Bryan County,Jun,1718
13029,Bryan County,Jul,1222
13029,Bryan County,Aug,1003
13029,Bryan County,Sep,674
13029,Bryan County,Oct,711
13029,Bryan County,Nov,62
13031,Bulloch County,Mar,975
13031,Bulloch County,Apr,8073
13031,Bulloch County,May,7458
13031,Bulloch County,Jun,3759
13031,Bulloch County,Jul,3193
13031,Bulloch County,Aug,2518
13031,Bulloch County,Sep,1384
13031,Bulloch County,Oct,1643
13031,Bulloch County,Nov,143
13033,Burke County,Mar,135
13033,Burke County,Apr,1586
13033,Burke County,May,1216
13033,Burke County,Jun,788
13033,Burke County,Jul,1018
13033,Burke County,Aug,628
13033,Burke County,Sep,395
13033,Burke County,Oct,540
13033,Burke County,Nov,56
13035,Butts County,Mar,269
13035,Butts County,Apr,2511
13035,Butts County,May,2513
13035,Butts County,Jun,1043
13035,Butts County,Jul,901
13035,Butts County,Aug,624
13035,Butts County,Sep,399
13035,Butts County,Oct,496
13035,Butts County,Nov,54
13037,Calhoun County,Mar,106
13037,Calhoun County,Apr,842
13037,Calhoun County,May,820
13037,Calhoun County,Jun,457
13037,Calhoun County,Jul,352
13037,Calhoun County,Aug,309
13037,Calhoun County,Sep,200
13037,Calhoun County,Oct,240
13037,Calhoun County,Nov,34
13039,Camden County,Mar,425
13039,Camden County,Apr,3588
13039,Camden County,May,2995
13039,Camden County,Jun,1234
13039,Camden County,Jul,1135
13039,Camden County,Aug,738
13039,Camden County,Sep,498
13039,Camden County,Oct,662
13039,Camden County,Nov,85
13043,Candler County,Mar,130
13043,Candler County,Apr,782
13043,Candler County,May,677
13043,Candler County,Jun,397
13043,Candler County,Jul,341
13043,Candler County,Aug,253
13043,Candler County,Sep,139
13043,Candler County,Oct,174
13043,Candler County,Nov,22
13045,Carroll County,Mar,1566
13045,Carroll County,Apr,12568
13045,Carroll County,May,9821
13045,Carroll County,Jun,5102
13045,Carroll County,Jul,4369
13045,Carroll County,Aug,3288
13045,Carroll County,Sep,2040
13045,Carroll County,Oct,2397
13045,Carroll County,Nov,289
13047,Catoosa County,Mar,367
13047,Catoosa County,Apr,3773
13047,Catoosa County,May,2806
13047,Catoosa County,Jun,1260
13047,Catoosa County,Jul,1180
13047,Catoosa County,Aug,679
13047,Catoosa County,Sep,440
13047,Catoosa County,Oct,551
13047,Catoosa County,Nov,58
13049,Charlton County,Mar,54
13049,Charlton County,Apr,512
13049,Charlton County,May,685
13049,Charlton County,Jun,284
13049,Charlton County,Jul,276
13049,Charlton County,Aug,188
13049,Charlton County,Sep,143
13049,Charlton County,Oct,133
13049,Charlton County,Nov,18
13051,Chatham County,Mar,6601
13051,Chatham County,Apr,43152
13051,Chatham County,May,33790
13051,Chatham County,Jun,16210
13051,Chatham County,Jul,12511
13051,Chatham County,Aug,9147
13051,Chatham County,Sep,5746
13051,Chatham County,Oct,6790
13051,Chatham County,Nov,660
13053,Chattahoochee County,Mar,36
13053,Chattahoochee County,Apr,519
13053,Chattahoochee County,May,509
13053,Chattahoochee County,Jun,297
13053,Chattahoochee County,Jul,267
13053,Chattahoochee County,Aug,183
13053,Chattahoochee County,Sep,144
13053,Chattahoochee County,Oct,139
13053,Chattahoochee County,Nov,16
13055,Chattooga County,Mar,142
13055,Chattooga County,Apr,3719
13055,Chattooga County,May,2817
13055,Chattooga County,Jun,991
13055,Chattooga County,Jul,1033
13055,Chattooga County,Aug,680
13055,Chattooga County,Sep,537
13055,Chattooga County,Oct,607
13055,Chattooga County,Nov,110
13057,Cherokee County,Mar,4418
13057,Cherokee County,Apr,28404
13057,Cherokee County,May,20110
13057,Cherokee County,Jun,9362
13057,Cherokee County,Jul,7047
13057,Cherokee County,Aug,5078
13057,Cherokee County,Sep,3061
13057,Cherokee County,Oct,3482
13057,Cherokee County,Nov,395
13059,Clarke County,Mar,2865
13059,Clarke County,Apr,13733
13059,Clarke County,May,11566
13059,Clarke County,Jun,6053
13059,Clarke County,Jul,5052
13059,Clarke County,Aug,3561
13059,Clarke County,Sep,2402
13059,Clarke County,Oct,2522
13059,Clarke County,Nov,278
13061,Clay County,Mar,51
13061,Clay County,Apr,448
13061,Clay County,May,350
13061,Clay County,Jun,202
13061,Clay County,Jul,180
13061,Clay County,Aug,150
13061,Clay County,Sep,109
13061,Clay County,Oct,121
13061,Clay County,Nov,12
13063,Clayton County,Mar,4761
13063,Clayton County,Apr,41040
13063,Clayton County,May,35385
13063,Clayton County,Jun,21291
13063,Clayton County,Jul,18820
13063,Clayton County,Aug,11975
13063,Clayton County,Sep,7684
13063,Clayton County,Oct,9614
13063,Clayton County,Nov,882
13065,Clinch County,Mar,101
13065,Clinch County,Apr,1881
13065,Clinch County,May,1568
13065,Clinch County,Jun,752
13065,Clinch County,Jul,656
13065,Clinch County,Aug,387
13065,Clinch County,Sep,247
13065,Clinch County,Oct,279
13065,Clinch County,Nov,40
13067,Cobb County,Mar,13274
13067,Cobb County,Apr,89037
13067,Cobb County,May,69850
13067,Cobb County,Jun,36360
13067,Cobb County,Jul,29636
13067,Cobb County,Aug,21081
13067,Cobb County,Sep,12951
13067,Cobb County,Oct,15416
13067,Cobb County,Nov,1768
13069,Coffee County,Mar,311
13069,Coffee County,Apr,3032
13069,Coffee County,May,2463
13069,Coffee County,Jun,1428
13069,Coffee County,Jul,1515
13069,Coffee County,Aug,951
13069,Coffee County,Sep,712
13069,Coffee County,Oct,822
13069,Coffee County,Nov,67
13071,Colquitt County,Mar,302
13071,Colquitt County,Apr,3129
13071,Colquitt County,May,2801
13071,Colquitt County,Jun,1266
13071,Colquitt County,Jul,1287
13071,Colquitt County,Aug,884
13071,Colquitt County,Sep,587
13071,Colquitt County,Oct,769
13071,Colquitt County,Nov,84
13073,Columbia County,Mar,1333
13073,Columbia County,Apr,11686
13073,Columbia County,May,8094
13073,Columbia County,Jun,4888
13073,Columbia County,Jul,3744
13073,Columbia County,Aug,2409
13073,Columbia County,Sep,1549
13073,Columbia County,Oct,1828
13073,Columbia County,Nov,178
13075,Cook County,Mar,171
13075,Cook County,Apr,1285
13075,Cook County,May,1199
13075,Cook County,Jun,744
13075,Cook County,Jul,802
13075,Cook County,Aug,563
13075,Cook County,Sep,401
13075,Cook County,Oct,408
13075,Cook County,Nov,36
13077,Coweta County,Mar,2236
13077,Coweta County,Apr,16863
13077,Coweta County,May,14904
13077,Coweta County,Jun,6826
13077,Coweta County,Jul,5970
13077,Coweta County,Aug,4284
13077,Coweta County,Sep,2604
13077,Coweta County,Oct,2931
13077,Coweta County,Nov,409
13079,Crawford County,Mar,103
13079,Crawford County,Apr,845
13079,Crawford County,May,718
13079,Crawford County,Jun,424
13079,Crawford County,Jul,398
13079,Crawford County,Aug,268
13079,Crawford County,Sep,186
13079,Crawford County,Oct,277
13079,Crawford County,Nov,21
13081,Crisp County,Mar,316
13081,Crisp County,Apr,2650
13081,Crisp County,May,2683
13081,Crisp County,Jun,1805
13081,Crisp County,Jul,1726
13081,Crisp County,Aug,1063
13081,Crisp County,Sep,697
13081,Crisp County,Oct,929
13081,Crisp County,Nov,115
13083,Dade County,Mar,76
13083,Dade County,Apr,884
13083,Dade County,May,790
13083,Dade County,Jun,589
13083,Dade County,Jul,464
13083,Dade County,Aug,253
13083,Dade County,Sep,110
13083,Dade County,Oct,145
13083,Dade County,Nov,17
13085,Dawson County,Mar,462
13085,Dawson County,Apr,3190
13085,Dawson County,May,2369
13085,Dawson County,Jun,1053
13085,Dawson County,Jul,721
13085,Dawson County,Aug,545
13085,Dawson County,Sep,336
13085,Dawson County,Oct,407
13085,Dawson County,Nov,38
13087,Decatur County,Mar,164
13087,Decatur County,Apr,1901
13087,Decatur County,May,1538
13087,Decatur County,Jun,1125
13087,Decatur County,Jul,1061
13087,Decatur County,Aug,719
13087,Decatur County,Sep,482
13087,Decatur County,Oct,658
13087,Decatur County,Nov,59
13089,DeKalb County,Mar,14407
13089,DeKalb County,Apr,92014
13089,DeKalb County,May,77934
13089,DeKalb County,Jun,46089
13089,DeKalb County,Jul,41337
13089,DeKalb County,Aug,26803
13089,DeKalb County,Sep,15333
13089,DeKalb County,Oct,18883
13089,DeKalb County,Nov,1905
13091,Dodge County,Mar,99
13091,Dodge County,Apr,836
13091,Dodge County,May,1176
13091,Dodge County,Jun,584
13091,Dodge County,Jul,582
13091,Dodge County,Aug,342
13091,Dodge County,Sep,230
13091,Dodge County,Oct,325
13091,Dodge County,Nov,25
13093,Dooly County,Mar,67
13093,Dooly County,Apr,588
13093,Dooly County,May,545
13093,Dooly County,Jun,350
13093,Dooly County,Jul,401
13093,Dooly County,Aug,267
13093,Dooly County,Sep,194
13093,Dooly County,Oct,284
13093,Dooly County,Nov,30
13095,Dougherty County,Mar,1292
13095,Dougherty County,Apr,8735
13095,Dougherty County,May,7080
13095,Dougherty County,Jun,4585
13095,Dougherty County,Jul,5088
13095,Dougherty County,Aug,3390
13095,Dougherty County,Sep,2058
13095,Dougherty County,Oct,2706
13095,Dougherty County,Nov,228
13097,Douglas County,Mar,2318
13097,Douglas County,Apr,18122
13097,Douglas County,May,16660
13097,Douglas County,Jun,8377
13097,Douglas County,Jul,6671
13097,Douglas County,Aug,4983
13097,Douglas County,Sep,2899
13097,Douglas County,Oct,4010
13097,Douglas County,Nov,461
13099,Early County,Mar,40
13099,Early County,Apr,435
13099,Early County,May,533
13099,Early County,Jun,398
13099,Early County,Jul,419
13099,Early County,Aug,273
13099,Early County,Sep,175
13099,Early County,Oct,209
13099,Early County,Nov,20
13101,Echols County,Mar,16
13101,Echols County,Apr,263
13101,Echols County,May,236
13101,Echols County,Jun,144
13101,Echols County,Jul,148
13101,Echols County,Aug,96
13101,Echols County,Sep,64
13101,Echols County,Oct,74
13101,Echols County,Nov,5
13103,Effingham County,Mar,551
13103,Effingham County,Apr,6039
13103,Effingham County,May,4603
13103,Effingham County,Jun,2122
13103,Effingham County,Jul,1537
13103,Effingham County,Aug,1101
13103,Effingham County,Sep,785
13103,Effingham County,Oct,894
13103,Effingham County,Nov,65
13105,Elbert County,Mar,111
13105,Elbert County,Apr,1661
13105,Elbert County,May,1387
13105,Elbert County,Jun,741
13105,Elbert County,Jul,514
13105,Elbert County,Aug,393
13105,Elbert County,Sep,241
13105,Elbert County,Oct,360
13105,Elbert County,Nov,35
13107,Emanuel County,Mar,138
13107,Emanuel County,Apr,1205
13107,Emanuel County,May,1085
13107,Emanuel County,Jun,1092
13107,Emanuel County,Jul,1010
13107,Emanuel County,Aug,670
13107,Emanuel County,Sep,386
13107,Emanuel County,Oct,470
13107,Emanuel County,Nov,43
13109,Evans County,Mar,67
13109,Evans County,Apr,658
13109,Evans County,May,651
13109,Evans County,Jun,315
13109,Evans County,Jul,301
13109,Evans County,Aug,276
13109,Evans County,Sep,168
13109,Evans County,Oct,189
13109,Evans County,Nov,16
13111,Fannin County,Mar,408
13111,Fannin County,Apr,2410
13111,Fannin County,May,1826
13111,Fannin County,Jun,777
13111,Fannin County,Jul,679
13111,Fannin County,Aug,361
13111,Fannin County,Sep,224
13111,Fannin County,Oct,268
13111,Fannin County,Nov,31
13113,Fayette County,Mar,1762
13113,Fayette County,Apr,14986
13113,Fayette County,May,14068
13113,Fayette County,Jun,6804
13113,Fayette County,Jul,5570
13113,Fayette County,Aug,3824
13113,Fayette County,Sep,2413
13113,Fayette County,Oct,2743
13113,Fayette County,Nov,327
13115,Floyd County,Mar,1251
13115,Floyd County,Apr,12123
13115,Floyd County,May,8446
13115,Floyd County,Jun,4150
13115,Floyd County,Jul,3949
13115,Floyd County,Aug,2684
13115,Floyd County,Sep,1773
13115,Floyd County,Oct,2218
13115,Floyd County,Nov,209
13117,Forsyth County,Mar,2643
13117,Forsyth County,Apr,21456
13117,Forsyth County,May,17895
13117,Forsyth County,Jun,7743
13117,Forsyth County,Jul,4971
13117,Forsyth County,Aug,3693
13117,Forsyth County,Sep,2225
13117,Forsyth County,Oct,2458
13117,Forsyth County,Nov,242
13119,Franklin County,Mar,174
13119,Franklin County,Apr,2575
13119,Franklin County,May,2485
13119,Franklin County,Jun,1073
13119,Franklin County,Jul,899
13119,Franklin County,Aug,615
13119,Franklin County,Sep,445
13119,Franklin County,Oct,474
13119,Franklin County,Nov,60
13121,Fulton County,Mar,23368
13121,Fulton County,Apr,153537
13121,Fulton County,May,128908
13121,Fulton County,Jun,70426
13121,Fulton County,Jul,69333
13121,Fulton County,Aug,44317
13121,Fulton County,Sep,24931
13121,Fulton County,Oct,29416
13121,Fulton County,Nov,3209
13123,Gilmer County,Mar,324
13123,Gilmer County,Apr,2572
13123,Gilmer County,May,2149
13123,Gilmer County,Jun,961
13123,Gilmer County,Jul,672
13123,Gilmer County,Aug,456
13123,Gilmer County,Sep,323
13123,Gilmer County,Oct,373
13123,Gilmer County,Nov,46
13125,Glascock County,Mar,18
13125,Glascock County,Apr,178
13125,Glascock County,May,232
13125,Glascock County,Jun,181
13125,Glascock County,Jul,117
13125,Glascock County,Aug,115
13125,Glascock County,Sep,59
13125,Glascock County,Oct,60
13125,Glascock County,Nov,13
13127,Glynn County,Mar,1229
13127,Glynn County,Apr,11288
13127,Glynn County,May,8592
13127,Glynn County,Jun,3431
13127,Glynn County,Jul,3483
13127,Glynn County,Aug,2296
13127,Glynn County,Sep,1451
13127,Glynn County,Oct,1722
13127,Glynn County,Nov,140
13129,Gordon County,Mar,612
13129,Gordon County,Apr,7581
13129,Gordon County,May,6140
13129,Gordon County,Jun,2905
13129,Gordon County,Jul,2534
13129,Gordon County,Aug,1649
13129,Gordon County,Sep,998
13129,Gordon County,Oct,1360
13129,Gordon County,Nov,170
13131,Grady County,Mar,117
13131,Grady County,Apr,1407
13131,Grady County,May,937
13131,Grady County,Jun,533
13131,Grady County,Jul,503
13131,Grady County,Aug,302
13131,Grady County,Sep,224
13131,Grady County,Oct,244
13131,Grady County,Nov,26
13133,Greene County,Mar,174
13133,Greene County,Apr,1658
13133,Greene County,May,1370
13133,Greene County,Jun,614
13133,Greene County,Jul,524
13133,Greene County,Aug,381
13133,Greene County,Sep,237
13133,Greene County,Oct,327
13133,Greene County,Nov,43
13135,Gwinnett County,Mar,14101
13135,Gwinnett County,Apr,118217
13135,Gwinnett County,May,89113
13135,Gwinnett County,Jun,45443
13135,Gwinnett County,Jul,35570
13135,Gwinnett County,Aug,25031
13135,Gwinnett County,Sep,15659
13135,Gwinnett County,Oct,17717
13135,Gwinnett County,Nov,1739
13137,Habersham County,Mar,614
13137,Habersham County,Apr,3492
13137,Habersham County,May,2397
13137,Habersham County,Jun,1042
13137,Habersham County,Jul,943
13137,Habersham County,Aug,610
13137,Habersham County,Sep,403
13137,Habersham County,Oct,466
13137,Habersham County,Nov,57
13139,Hall County,Mar,2270
13139,Hall County,Apr,20695
13139,Hall County,May,15563
13139,Hall County,Jun,6960
13139,Hall County,Jul,5558
13139,Hall County,Aug,3989
13139,Hall County,Sep,2692
13139,Hall County,Oct,3167
13139,Hall County,Nov,273
13141,Hancock County,Mar,40
13141,Hancock County,Apr,493
13141,Hancock County,May,529
13141,Hancock County,Jun,271
13141,Hancock County,Jul,284
13141,Hancock County,Aug,185
13141,Hancock County,Sep,120
13141,Hancock County,Oct,137
13141,Hancock County,Nov,18
13143,Haralson County,Mar,261
13143,Haralson County,Apr,3754
13143,Haralson County,May,1957
13143,Haralson County,Jun,1003
13143,Haralson County,Jul,920
13143,Haralson County,Aug,663
13143,Haralson County,Sep,440
13143,Haralson County,Oct,442
13143,Haralson County,Nov,49
13145,Harris County,Mar,535
13145,Harris County,Apr,2839
13145,Harris County,May,2637
13145,Harris County,Jun,1449
13145,Harris County,Jul,1222
13145,Harris County,Aug,652
13145,Harris County,Sep,428
13145,Harris County,Oct,467
13145,Harris County,Nov,52
13147,Hart County,Mar,152
13147,Hart County,Apr,1716
13147,Hart County,May,1405
13147,Hart County,Jun,648
13147,Hart County,Jul,558
13147,Hart County,Aug,395
13147,Hart County,Sep,266
13147,Hart County,Oct,388
13147,Hart County,Nov,32
13149,Heard County,Mar,97
13149,Heard County,Apr,1084
13149,Heard County,May,833
13149,Heard County,Jun,469
13149,Heard County,Jul,377
13149,Heard County,Aug,234
13149,Heard County,Sep,150
13149,Heard County,Oct,188
13149,Heard County,Nov,28
13151,Henry County,Mar,3549
13151,Henry County,Apr,31499
13151,Henry County,May,28626
13151,Henry County,Jun,13237
13151,Henry County,Jul,10999
13151,Henry County,Aug,7622
13151,Henry County,Sep,4785
13151,Henry County,Oct,5631
13151,Henry County,Nov,659
13153,Houston County,Mar,1817
13153,Houston County,Apr,12930
13153,Houston County,May,9376
13153,Houston County,Jun,5265
13153,Houston County,Jul,4481
13153,Houston County,Aug,2822
13153,Houston County,Sep,1897
13153,Houston County,Oct,2924
13153,Houston County,Nov,211
13155,Irwin County,Mar,34
13155,Irwin County,Apr,483
13155,Irwin County,May,326
13155,Irwin County,Jun,183
13155,Irwin County,Jul,246
13155,Irwin County,Aug,153
13155,Irwin County,Sep,101
13155,Irwin County,Oct,131
13155,Irwin County,Nov,4
13157,Jackson County,Mar,863
13157,Jackson County,Apr,8084
13157,Jackson County,May,7131
13157,Jackson County,Jun,2952
13157,Jackson County,Jul,2273
13157,Jackson County,Aug,1459
13157,Jackson County,Sep,1037
13157,Jackson County,Oct,1217
13157,Jackson County,Nov,112
13159,Jasper County,Mar,136
13159,Jasper County,Apr,1100
13159,Jasper County,May,916
13159,Jasper County,Jun,446
13159,Jasper County,Jul,367
13159,Jasper County,Aug,229
13159,Jasper County,Sep,166
13159,Jasper County,Oct,210
13159,Jasper County,Nov,19
13161,Jeff Davis County,Mar,63
13161,Jeff Davis County,Apr,953
13161,Jeff Davis County,May,866
13161,Jeff Davis County,Jun,342
13161,Jeff Davis County,Jul,302
13161,Jeff Davis County,Aug,186
13161,Jeff Davis County,Sep,153
13161,Jeff Davis County,Oct,195
13161,Jeff Davis County,Nov,17
13163,Jefferson County,Mar,108
13163,Jefferson County,Apr,1027
13163,Jefferson County,May,924
13163,Jefferson County,Jun,613
13163,Jefferson County,Jul,797
13163,Jefferson County,Aug,503
13163,Jefferson County,Sep,294
13163,Jefferson County,Oct,329
13163,Jefferson County,Nov,21
13165,Jenkins County,Mar,62
13165,Jenkins County,Apr,471
13165,Jenkins County,May,405
13165,Jenkins County,Jun,276
13165,Jenkins County,Jul,260
13165,Jenkins County,Aug,186
13165,Jenkins County,Sep,117
13165,Jenkins County,Oct,135
13165,Jenkins County,Nov,11
13167,Johnson County,Mar,45
13167,Johnson County,Apr,445
13167,Johnson County,May,383
13167,Johnson County,Jun,286
13167,Johnson County,Jul,225
13167,Johnson County,Aug,212
13167,Johnson County,Sep,138
13167,Johnson County,Oct,132
13167,Johnson County,Nov,10
13169,Jones County,Mar,243
13169,Jones County,Apr,1657
13169,Jones County,May,1361
13169,Jones County,Jun,598
13169,Jones County,Jul,600
13169,Jones County,Aug,383
13169,Jones County,Sep,342
13169,Jones County,Oct,360
13169,Jones County,Nov,35
13171,Lamar County,Mar,197
13171,Lamar County,Apr,1515
13171,Lamar County,May,1146
13171,Lamar County,Jun,674
13171,Lamar County,Jul,575
13171,Lamar County,Aug,397
13171,Lamar County,Sep,274
13171,Lamar County,Oct,341
13171,Lamar County,Nov,44
13173,Lanier County,Mar,36
13173,Lanier County,Apr,482
13173,Lanier County,May,371
13173,Lanier County,Jun,243
13173,Lanier County,Jul,262
13173,Lanier County,Aug,187
13173,Lanier County,Sep,100
13173,Lanier County,Oct,131
13173,Lanier County,Nov,10
13175,Laurens County,Mar,590
13175,Laurens County,Apr,3725
13175,Laurens County,May,2988
13175,Laurens County,Jun,1711
13175,Laurens County,Jul,2098
13175,Laurens County,Aug,1554
13175,Laurens County,Sep,703
13175,Laurens County,Oct,912
13175,Laurens County,Nov,89
13177,Lee County,Mar,662
13177,Lee County,Apr,4421
13177,Lee County,May,3198
13177,Lee County,Jun,1656
13177,Lee County,Jul,1209
13177,Lee County,Aug,840
13177,Lee County,Sep,511
13177,Lee County,Oct,572
13177,Lee County,Nov,46
13179,Liberty County,Mar,516
13179,Liberty County,Apr,4969
13179,Liberty County,May,4838
13179,Liberty County,Jun,2373
13179,Liberty County,Jul,2069
13179,Liberty County,Aug,1494
13179,Liberty County,Sep,851
13179,Liberty County,Oct,1065
13179,Liberty County,Nov,79
13181,Lincoln County,Mar,50
13181,Lincoln County,Apr,505
13181,Lincoln County,May,439
13181,Lincoln County,Jun,252
13181,Lincoln County,Jul,211
13181,Lincoln County,Aug,127
13181,Lincoln County,Sep,79
13181,Lincoln County,Oct,90
13181,Lincoln County,Nov,11
13183,Long County,Mar,82
13183,Long County,Apr,1090
13183,Long County,May,1097
13183,Long County,Jun,495
13183,Long County,Jul,351
13183,Long County,Aug,299
13183,Long County,Sep,206
13183,Long County,Oct,242
13183,Long County,Nov,22
13185,Lowndes County,Mar,880
13185,Lowndes County,Apr,11128
13185,Lowndes County,May,9139
13185,Lowndes County,Jun,6394
13185,Lowndes County,Jul,6871
13185,Lowndes County,Aug,3724
13185,Lowndes County,Sep,2199
13185,Lowndes County,Oct,2647
13185,Lowndes County,Nov,188
13187,Lumpkin County,Mar,464
13187,Lumpkin County,Apr,3324
13187,Lumpkin County,May,2378
13187,Lumpkin County,Jun,1129
13187,Lumpkin County,Jul,818
13187,Lumpkin County,Aug,598
13187,Lumpkin County,Sep,365
13187,Lumpkin County,Oct,372
13187,Lumpkin County,Nov,53
13189,McDuffie County,Mar,148
13189,McDuffie County,Apr,1931
13189,McDuffie County,May,1520
13189,McDuffie County,Jun,954
13189,McDuffie County,Jul,1034
13189,McDuffie County,Aug,602
13189,McDuffie County,Sep,400
13189,McDuffie County,Oct,451
13189,McDuffie County,Nov,48
13191,McIntosh County,Mar,105
13191,McIntosh County,Apr,1259
13191,McIntosh County,May,735
13191,McIntosh County,Jun,425
13191,McIntosh County,Jul,392
13191,McIntosh County,Aug,278
13191,McIntosh County,Sep,147
13191,McIntosh County,Oct,191
13191,McIntosh County,Nov,23
13193,Macon County,Mar,121
13193,Macon County,Apr,946
13193,Macon County,May,686
13193,Macon County,Jun,523
13193,Macon County,Jul,454
13193,Macon County,Aug,305
13193,Macon County,Sep,182
13193,Macon County,Oct,422
13193,Macon County,Nov,31
13195,Madison County,Mar,422
13195,Madison County,Apr,2947
13195,Madison County,May,2304
13195,Madison County,Jun,1140
13195,Madison County,Jul,931
13195,Madison County,Aug,566
13195,Madison County,Sep,394
13195,Madison County,Oct,448
13195,Madison County,Nov,56
13197,Marion County,Mar,46
13197,Marion County,Apr,420
13197,Marion County,May,431
13197,Marion County,Jun,239
13197,Marion County,Jul,232
13197,Marion County,Aug,143
13197,Marion County,Sep,93
13197,Marion County,Oct,118
13197,Marion County,Nov,12
13199,Meriwether County,Mar,209
13199,Meriwether County,Apr,2159
13199,Meriwether County,May,1788
13199,Meriwether County,Jun,1211
13199,Meriwether County,Jul,984
13199,Meriwether County,Aug,606
13199,Meriwether County,Sep,448
13199,Meriwether County,Oct,498
13199,Meriwether County,Nov,77
13201,Miller County,Mar,38
13201,Miller County,Apr,233
13201,Miller County,May,271
13201,Miller County,Jun,165
13201,Miller County,Jul,152
13201,Miller County,Aug,121
13201,Miller County,Sep,89
13201,Miller County,Oct,67
13201,Miller County,Nov,6
13205,Mitchell County,Mar,119
13205,Mitchell County,Apr,948
13205,Mitchell County,May,866
13205,Mitchell County,Jun,551
13205,Mitchell County,Jul,581
13205,Mitchell County,Aug,375
13205,Mitchell County,Sep,249
13205,Mitchell County,Oct,326
13205,Mitchell County,Nov,32
13207,Monroe County,Mar,246
13207,Monroe County,Apr,1895
13207,Monroe County,May,1541
13207,Monroe County,Jun,717
13207,Monroe County,Jul,679
13207,Monroe County,Aug,459
13207,Monroe County,Sep,280
13207,Monroe County,Oct,346
13207,Monroe County,Nov,19
13209,Montgomery County,Mar,74
13209,Montgomery County,Apr,790
13209,Montgomery County,May,752
13209,Montgomery County,Jun,353
13209,Montgomery County,Jul,312
13209,Montgomery County,Aug,216
13209,Montgomery County,Sep,158
13209,Montgomery County,Oct,171
13209,Montgomery County,Nov,21
13211,Morgan County,Mar,275
13211,Morgan County,Apr,1883
13211,Morgan County,May,1445
13211,Morgan County,Jun,633
13211,Morgan County,Jul,597
13211,Morgan County,Aug,359
13211,Morgan County,Sep,238
13211,Morgan County,Oct,263
13211,Morgan County,Nov,26
13213,Murray County,Mar,397
13213,Murray County,Apr,5698
13213,Murray County,May,4718
13213,Murray County,Jun,2303
13213,Murray County,Jul,1902
13213,Murray County,Aug,1318
13213,Murray County,Sep,840
13213,Murray County,Oct,1016
13213,Murray County,Nov,180
13215,Muscogee County,Mar,2428
13215,Muscogee County,Apr,18449
13215,Muscogee County,May,15519
13215,Muscogee County,Jun,10964
13215,Muscogee County,Jul,10880
13215,Muscogee County,Aug,6515
13215,Muscogee County,Sep,3952
13215,Muscogee County,Oct,4729
13215,Muscogee County,Nov,493
13217,Newton County,Mar,1512
13217,Newton County,Apr,11911
13217,Newton County,May,9926
13217,Newton County,Jun,5187
13217,Newton County,Jul,4566
13217,Newton County,Aug,3108
13217,Newton County,Sep,1936
13217,Newton County,Oct,2450
13217,Newton County,Nov,196
13219,Oconee County,Mar,480
13219,Oconee County,Apr,3129
13219,Oconee County,May,2759
13219,Oconee County,Jun,1265
13219,Oconee County,Jul,910
13219,Oconee County,Aug,498
13219,Oconee County,Sep,300
13219,Oconee County,Oct,350
13219,Oconee County,Nov,35
13221,Oglethorpe County,Mar,136
13221,Oglethorpe County,Apr,980
13221,Oglethorpe County,May,846
13221,Oglethorpe County,Jun,385
13221,Oglethorpe County,Jul,346
13221,Oglethorpe County,Aug,208
13221,Oglethorpe County,Sep,135
13221,Oglethorpe County,Oct,151
13221,Oglethorpe County,Nov,14
13223,Paulding County,Mar,2128
13223,Paulding County,Apr,15780
13223,Paulding County,May,11274
13223,Paulding County,Jun,5854
13223,Paulding County,Jul,4427
13223,Paulding County,Aug,3057
13223,Paulding County,Sep,1974
13223,Paulding County,Oct,2335
13223,Paulding County,Nov,291
13225,Peach County,Mar,279
13225,Peach County,Apr,2691
13225,Peach County,May,1923
13225,Peach County,Jun,1146
13225,Peach County,Jul,1160
13225,Peach County,Aug,713
13225,Peach County,Sep,496
13225,Peach County,Oct,861
13225,Peach County,Nov,44
13227,Pickens County,Mar,426
13227,Pickens County,Apr,2884
13227,Pickens County,May,2330
13227,Pickens County,Jun,1095
13227,Pickens County,Jul,708
13227,Pickens County,Aug,494
13227,Pickens County,Sep,329
13227,Pickens County,Oct,361
13227,Pickens County,Nov,40
13229,Pierce County,Mar,102
13229,Pierce County,Apr,1367
13229,Pierce County,May,1249
13229,Pierce County,Jun,506
13229,Pierce County,Jul,384
13229,Pierce County,Aug,249
13229,Pierce County,Sep,176
13229,Pierce County,Oct,215
13229,Pierce County,Nov,30
13231,Pike County,Mar,151
13231,Pike County,Apr,1670
13231,Pike County,May,1223
13231,Pike County,Jun,629
13231,Pike County,Jul,540
13231,Pike County,Aug,378
13231,Pike County,Sep,245
13231,Pike County,Oct,263
13231,Pike County,Nov,42
13233,Polk County,Mar,477
13233,Polk County,Apr,4594
13233,Polk County,May,3246
13233,Polk County,Jun,1688
13233,Polk County,Jul,1485
13233,Polk County,Aug,1031
13233,Polk County,Sep,905
13233,Polk County,Oct,790
13233,Polk County,Nov,83
13235,Pulaski County,Mar,41
13235,Pulaski County,Apr,516
13235,Pulaski County,May,356
13235,Pulaski County,Jun,179
13235,Pulaski County,Jul,193
13235,Pulaski County,Aug,168
13235,Pulaski County,Sep,92
13235,Pulaski County,Oct,154
13235,Pulaski County,Nov,15
13237,Putnam County,Mar,241
13237,Putnam County,Apr,1967
13237,Putnam County,May,1498
13237,Putnam County,Jun,721
13237,Putnam County,Jul,626
13237,Putnam County,Aug,417
13237,Putnam County,Sep,310
13237,Putnam County,Oct,352
13237,Putnam County,Nov,38
13239,Quitman County,Mar,3
13239,Quitman County,Apr,40
13239,Quitman County,May,37
13239,Quitman County,Jun,29
13239,Quitman County,Jul,33
13239,Quitman County,Aug,25
13239,Quitman County,Sep,13
13239,Quitman County,Oct,21
13239,Quitman County,Nov,4
13241,Rabun County,Mar,229
13241,Rabun County,Apr,1587
13241,Rabun County,May,899
13241,Rabun County,Jun,385
13241,Rabun County,Jul,305
13241,Rabun County,Aug,255
13241,Rabun County,Sep,141
13241,Rabun County,Oct,141
13241,Rabun County,Nov,15
13243,Randolph County,Mar,73
13243,Randolph County,Apr,856
13243,Randolph County,May,371
13243,Randolph County,Jun,232
13243,Randolph County,Jul,217
13243,Randolph County,Aug,141
13243,Randolph County,Sep,85
13243,Randolph County,Oct,100
13243,Randolph County,Nov,12
13245,Richmond County,Mar,2370
13245,Richmond County,Apr,18055
13245,Richmond County,May,14061
13245,Richmond County,Jun,8972
13245,Richmond County,Jul,9258
13245,Richmond County,Aug,5856
13245,Richmond County,Sep,3774
13245,Richmond County,Oct,4834
13245,Richmond County,Nov,459
13247,Rockdale County,Mar,1370
13247,Rockdale County,Apr,10395
13247,Rockdale County,May,9693
13247,Rockdale County,Jun,5181
13247,Rockdale County,Jul,4416
13247,Rockdale County,Aug,2852
13247,Rockdale County,Sep,1706
13247,Rockdale County,Oct,2248
13247,Rockdale County,Nov,218
13249,Schley County,Mar,19
13249,Schley County,Apr,183
13249,Schley County,May,195
13249,Schley County,Jun,94
13249,Schley County,Jul,95
13249,Schley County,Aug,56
13249,Schley County,Sep,34
13249,Schley County,Oct,42
13249,Schley County,Nov,5
13251,Screven County,Mar,101
13251,Screven County,Apr,1299
13251,Screven County,May,1348
13251,Screven County,Jun,750
13251,Screven County,Jul,723
13251,Screven County,Aug,457
13251,Screven County,Sep,315
13251,Screven County,Oct,300
13251,Screven County,Nov,37
13253,Seminole County,Mar,44
13253,Seminole County,Apr,413
13253,Seminole County,May,335
13253,Seminole County,Jun,210
13253,Seminole County,Jul,217
13253,Seminole County,Aug,162
13253,Seminole County,Sep,101
13253,Seminole County,Oct,108
13253,Seminole County,Nov,19
13255,Spalding County,Mar,744
13255,Spalding County,Apr,6617
13255,Spalding County,May,5313
13255,Spalding County,Jun,2936
13255,Spalding County,Jul,3040
13255,Spalding County,Aug,2149
13255,Spalding County,Sep,1147
13255,Spalding County,Oct,1592
13255,Spalding County,Nov,168
13257,Stephens County,Mar,191
13257,Stephens County,Apr,2371
13257,Stephens County,May,2163
13257,Stephens County,Jun,879
13257,Stephens County,Jul,763
13257,Stephens County,Aug,507
13257,Stephens County,Sep,342
13257,Stephens County,Oct,369
13257,Stephens County,Nov,65
13259,Stewart County,Mar,38
13259,Stewart County,Apr,200
13259,Stewart County,May,179
13259,Stewart County,Jun,144
13259,Stewart County,Jul,121
13259,Stewart County,Aug,64
13259,Stewart County,Sep,54
13259,Stewart County,Oct,73
13259,Stewart County,Nov,10
13261,Sumter County,Mar,200
13261,Sumter County,Apr,1908
13261,Sumter County,May,1499
13261,Sumter County,Jun,1041
13261,Sumter County,Jul,1258
13261,Sumter County,Aug,782
13261,Sumter County,Sep,491
13261,Sumter County,Oct,689
13261,Sumter County,Nov,63
13263,Talbot County,Mar,44
13263,Talbot County,Apr,383
13263,Talbot County,May,336
13263,Talbot County,Jun,267
13263,Talbot County,Jul,230
13263,Talbot County,Aug,134
13263,Talbot County,Sep,76
13263,Talbot County,Oct,116
13263,Talbot County,Nov,8
13265,Taliaferro County,Mar,13
13265,Taliaferro County,Apr,102
13265,Taliaferro County,May,80
13265,Taliaferro County,Jun,41
13265,Taliaferro County,Jul,65
13265,Taliaferro County,Aug,28
13265,Taliaferro County,Sep,20
13265,Taliaferro County,Oct,29
13265,Taliaferro County,Nov,2
13267,Tattnall County,Mar,77
13267,Tattnall County,Apr,983
13267,Tattnall County,May,752
13267,Tattnall County,Jun,419
13267,Tattnall County,Jul,434
13267,Tattnall County,Aug,359
13267,Tattnall County,Sep,176
13267,Tattnall County,Oct,236
13267,Tattnall County,Nov,19
13269,Taylor County,Mar,55
13269,Taylor County,Apr,487
13269,Taylor County,May,310
13269,Taylor County,Jun,233
13269,Taylor County,Jul,209
13269,Taylor County,Aug,146
13269,Taylor County,Sep,102
13269,Taylor County,Oct,243
13269,Taylor County,Nov,14
13271,Telfair County,Mar,35
13271,Telfair County,Apr,486
13271,Telfair County,May,372
13271,Telfair County,Jun,267
13271,Telfair County,Jul,314
13271,Telfair County,Aug,235
13271,Telfair County,Sep,137
13271,Telfair County,Oct,221
13271,Telfair County,Nov,32
13273,Terrell County,Mar,70
13273,Terrell County,Apr,507
13273,Terrell County,May,474
13273,Terrell County,Jun,282
13273,Terrell County,Jul,337
13273,Terrell County,Aug,178
13273,Terrell County,Sep,140
13273,Terrell County,Oct,173
13273,Terrell County,Nov,11
13275,Thomas County,Mar,437
13275,Thomas County,Apr,3207
13275,Thomas County,May,2637
13275,Thomas County,Jun,1355
13275,Thomas County,Jul,1535
13275,Thomas County,Aug,974
13275,Thomas County,Sep,744
13275,Thomas County,Oct,810
13275,Thomas County,Nov,71
13277,Tift County,Mar,491
13277,Tift County,Apr,3626
13277,Tift County,May,2821
13277,Tift County,Jun,1494
13277,Tift County,Jul,1348
13277,Tift County,Aug,1121
13277,Tift County,Sep,773
13277,Tift County,Oct,887
13277,Tift County,Nov,58
13279,Toombs County,Mar,206
13279,Toombs County,Apr,2514
13279,Toombs County,May,1640
13279,Toombs County,Jun,905
13279,Toombs County,Jul,870
13279,Toombs County,Aug,661
13279,Toombs County,Sep,387
13279,Toombs County,Oct,476
13279,Toombs County,Nov,54
13281,Towns County,Mar,144
13281,Towns County,Apr,935
13281,Towns County,May,657
13281,Towns County,Jun,236
13281,Towns County,Jul,190
13281,Towns County,Aug,148
13281,Towns County,Sep,116
13281,Towns County,Oct,133
13281,Towns County,Nov,16
13283,Treutlen County,Mar,39
13283,Treutlen County,Apr,377
13283,Treutlen County,May,290
13283,Treutlen County,Jun,189
13283,Treutlen County,Jul,209
13283,Treutlen County,Aug,145
13283,Treutlen County,Sep,71
13283,Treutlen County,Oct,96
13283,Treutlen County,Nov,5
13285,Troup County,Mar,842
13285,Troup County,Apr,10754
13285,Troup County,May,7875
13285,Troup County,Jun,5855
13285,Troup County,Jul,4591
13285,Troup County,Aug,2342
13285,Troup County,Sep,1330
13285,Troup County,Oct,1578
13285,Troup County,Nov,196
13287,Turner County,Mar,69
13287,Turner County,Apr,623
13287,Turner County,May,445
13287,Turner County,Jun,281
13287,Turner County,Jul,266
13287,Turner County,Aug,224
13287,Turner County,Sep,125
13287,Turner County,Oct,183
13287,Turner County,Nov,9
13289,Twiggs County,Mar,50
13289,Twiggs County,Apr,392
13289,Twiggs County,May,389
13289,Twiggs County,Jun,207
13289,Twiggs County,Jul,225
13289,Twiggs County,Aug,144
13289,Twiggs County,Sep,72
13289,Twiggs County,Oct,100
13289,Twiggs County,Nov,8
13291,Union County,Mar,321
13291,Union County,Apr,1945
13291,Union County,May,1309
13291,Union County,Jun,571
13291,Union County,Jul,495
13291,Union County,Aug,387
13291,Union County,Sep,270
13291,Union County,Oct,328
13291,Union County,Nov,37
13293,Upson County,Mar,165
13293,Upson County,Apr,2683
13293,Upson County,May,2118
13293,Upson County,Jun,1336
13293,Upson County,Jul,1272
13293,Upson County,Aug,834
13293,Upson County,Sep,648
13293,Upson County,Oct,796
13293,Upson County,Nov,145
13295,Walker County,Mar,377
13295,Walker County,Apr,5563
13295,Walker County,May,3904
13295,Walker County,Jun,1518
13295,Walker County,Jul,1670
13295,Walker County,Aug,823
13295,Walker County,Sep,616
13295,Walker County,Oct,795
13295,Walker County,Nov,79
13297,Walton County,Mar,1272
13297,Walton County,Apr,10526
13297,Walton County,May,8265
13297,Walton County,Jun,3577
13297,Walton County,Jul,3179
13297,Walton County,Aug,2353
13297,Walton County,Sep,1403
13297,Walton County,Oct,1594
13297,Walton County,Nov,140
13299,Ware County,Mar,210
13299,Ware County,Apr,2667
13299,Ware County,May,1737
13299,Ware County,Jun,1097
13299,Ware County,Jul,1117
13299,Ware County,Aug,793
13299,Ware County,Sep,516
13299,Ware County,Oct,703
13299,Ware County,Nov,67
13301,Warren County,Mar,41
13301,Warren County,Apr,411
13301,Warren County,May,416
13301,Warren County,Jun,227
13301,Warren County,Jul,221
13301,Warren County,Aug,115
13301,Warren County,Sep,88
13301,Warren County,Oct,112
13301,Warren County,Nov,16
13303,Washington County,Mar,108
13303,Washington County,Apr,946
13303,Washington County,May,876
13303,Washington County,Jun,690
13303,Washington County,Jul,589
13303,Washington County,Aug,383
13303,Washington County,Sep,242
13303,Washington County,Oct,319
13303,Washington County,Nov,36
13305,Wayne County,Mar,165
13305,Wayne County,Apr,2087
13305,Wayne County,May,1999
13305,Wayne County,Jun,882
13305,Wayne County,Jul,689
13305,Wayne County,Aug,566
13305,Wayne County,Sep,417
13305,Wayne County,Oct,518
13305,Wayne County,Nov,58
13307,Webster County,Mar,8
13307,Webster County,Apr,83
13307,Webster County,May,70
13307,Webster County,Jun,47
13307,Webster County,Jul,65
13307,Webster County,Aug,33
13307,Webster County,Sep,28
13307,Webster County,Oct,23
13307,Webster County,Nov,3
13309,Wheeler County,Mar,15
13309,Wheeler County,Apr,224
13309,Wheeler County,May,210
13309,Wheeler County,Jun,97
13309,Wheeler County,Jul,109
13309,Wheeler County,Aug,85
13309,Wheeler County,Sep,57
13309,Wheeler County,Oct,68
13309,Wheeler County,Nov,3
13311,White County,Mar,476
13311,White County,Apr,3099
13311,White County,May,1963
13311,White County,Jun,760
13311,White County,Jul,565
13311,White County,Aug,430
13311,White County,Sep,284
13311,White County,Oct,357
13311,White County,Nov,53
13313,Whitfield County,Mar,1200
13313,Whitfield County,Apr,17775
13313,Whitfield County,May,13628
13313,Whitfield County,Jun,6187
13313,Whitfield County,Jul,5504
13313,Whitfield County,Aug,3904
13313,Whitfield County,Sep,2357
13313,Whitfield County,Oct,2816
13313,Whitfield County,Nov,505
13315,Wilcox County,Mar,27
13315,Wilcox County,Apr,263
13315,Wilcox County,May,234
13315,Wilcox County,Jun,147
13315,Wilcox County,Jul,171
13315,Wilcox County,Aug,133
13315,Wilcox County,Sep,78
13315,Wilcox County,Oct,109
13315,Wilcox County,Nov,6
13317,Wilkes County,Mar,67
13317,Wilkes County,Apr,437
13317,Wilkes County,May,442
13317,Wilkes County,Jun,252
13317,Wilkes County,Jul,207
13317,Wilkes County,Aug,153
13317,Wilkes County,Sep,112
13317,Wilkes County,Oct,143
13317,Wilkes County,Nov,17
13319,Wilkinson County,Mar,52
13319,Wilkinson County,Apr,498
13319,Wilkinson County,May,522
13319,Wilkinson County,Jun,228
13319,Wilkinson County,Jul,202
13319,Wilkinson County,Aug,163
13319,Wilkinson County,Sep,108
13319,Wilkinson County,Oct,144
13319,Wilkinson County,Nov,9
13321,Worth County,Mar,148
13321,Worth County,Apr,1149
13321,Worth County,May,928
13321,Worth County,Jun,539
13321,Worth County,Jul,412
13321,Worth County,Aug,247
13321,Worth County,Sep,184
13321,Worth County,Oct,317
13321,Worth County,Nov,26
